ticker,bars,vol,px,trend,feed,pool,fee,listable,robust,med_both,best_both,d55_up,d55_dn,d55_burn,best_rule,status
AAOI,5066,1.1927,14.8616,2.2628,False,17.1532,100.0,False,0.0,0.7055,0.9147,0.7479,1.0468,0.6591,30/5/-,neither
AAPL,5066,0.2735,1.9558,2.453,True,592836.6158,5.0,True,20.8333,0.9013,1.009,0.9642,1.0283,0.2932,20/10/-,LISTABLE
ABCL,5066,0.7589,2.9695,1.4342,False,0.0,,False,4.1667,0.7547,1.0012,0.9322,1.0183,0.6664,30/5/-,neither
ADBE,5066,0.3738,0.4626,2.0622,False,0.9206,100.0,False,12.5,0.887,1.0061,1.0393,0.911,0.0778,20/5/-,neither
AEHR,5066,1.0185,2.9909,1.0756,False,0.0,,False,0.0,0.7784,0.9962,0.9174,0.9193,0.7932,30/5/-,neither
AEIS,5066,0.4993,2.9233,2.1486,False,0.0,,False,0.0,0.753,0.9733,0.8868,1.0388,0.5267,30/5/-,neither
ALAB,3422,0.9583,5.8916,1.8506,False,0.0,,False,0.0,0.7273,0.9481,0.7769,0.9797,0.4951,30/5/-,neither
AMAT,5066,0.4824,3.3146,2.484,False,0.8252,100.0,False,0.0,0.7106,0.9553,0.7448,0.9964,0.4526,30/5/-,neither
AMBA,5066,0.6226,1.349,0.4808,False,0.0,,False,50.0,0.9696,1.2635,1.117,1.0357,0.4539,10/20/-,neither
AMC,5065,0.8784,0.292,1.4015,False,1645831.5825,30.0,False,25.0,0.8611,1.0424,1.0046,0.9289,0.2495,30/10/-,"pool,no feed"
AMD,5066,0.5839,5.5333,2.9299,True,264450.8849,30.0,True,0.0,0.6841,0.937,0.7846,0.9808,0.5013,30/5/-,LISTABLE
AMKR,5066,0.6144,2.2869,1.3465,False,0.0,,False,16.6667,0.9082,1.1104,0.8423,0.9725,0.4874,20/5/s15,neither
AMZN,5066,0.3358,2.0281,2.1057,True,971151.8012,30.0,True,45.8333,0.9689,1.0352,1.0473,1.0352,0.3101,5/5/-,LISTABLE
ANET,5065,0.5077,4.2978,2.8722,False,0.8981,100.0,False,20.8333,0.8147,1.0087,0.9629,1.0117,0.5343,10/5/-,neither
APLD,5066,1.1601,5.7175,1.5029,False,0.0,,False,33.3333,0.9446,1.0789,1.0624,0.9961,0.8972,30/20/-,neither
APP,5066,0.7868,8.0776,2.655,False,0.0,,False,0.0,0.652,0.8444,0.6729,1.0396,0.4557,30/5/s15,neither
ASML,5066,0.4201,2.8712,2.5109,True,33433.8857,100.0,False,0.0,0.7956,0.9691,0.818,1.014,0.3611,30/5/-,"feed,no pool"
ASTS,5066,1.0804,20.6437,2.802,False,0.0,,False,0.0,0.6251,0.8937,0.7026,0.9449,0.5964,30/5/-,neither
AUR,5066,0.8274,3.4548,1.4984,False,0.0,,False,29.1667,0.9205,1.074,0.9406,1.0537,0.4315,5/10/-,neither
AVAV,5066,0.646,1.3492,0.4636,False,0.0,,False,41.6667,0.979,1.1469,0.8939,1.0181,0.3156,10/20/s15,neither
AVGO,5066,0.4843,4.1572,2.9421,False,39821.8014,30.0,False,8.3333,0.8233,1.0071,0.9744,1.05,0.4873,20/10/-,neither
AXON,5066,0.5104,2.1317,1.4831,False,0.0,,False,20.8333,0.9242,1.1299,0.8868,1.0253,0.3038,10/20/-,neither
AXTI,5066,1.1895,31.0933,2.8894,False,0.0,,False,0.0,0.6183,0.8806,0.735,1.1379,0.7107,30/5/-,neither
BA,5065,0.3592,1.0962,0.2558,False,173653.502,30.0,False,45.8333,0.9711,1.1247,1.0005,0.9905,0.1792,10/20/-,"pool,no feed"
BABA,5065,0.4322,1.4156,0.8041,True,157056.6757,30.0,True,25.0,0.9369,1.0384,0.8697,1.021,0.2456,30/20/-,LISTABLE
BB,5065,0.6045,2.4045,1.4513,False,16110.3506,100.0,False,0.0,0.6611,0.9128,0.668,0.9508,0.3844,30/5/-,neither
BE,5062,0.9986,23.7152,3.1705,False,154797.3737,30.0,False,0.0,0.6819,0.9255,0.8183,1.098,0.7571,30/5/-,"pool,no feed"
BND,5066,0.0501,1.0417,0.816,False,0.0,,False,25.0,1.0,1.0023,1.0024,1.0016,0.0038,5/10/-,neither
BULL,2506,1.4068,0.8405,0.1235,False,0.0,,False,4.1667,0.8772,1.0279,0.971,0.6927,0.1817,30/20/-,neither
CBRS,614,1.5098,1.0752,0.048,False,0.0,,False,83.3333,1.0257,1.1154,1.1104,1.2305,0.1753,5/10/s15,neither
CCL,5065,0.4729,1.95,1.4121,False,27106.6597,100.0,False,20.8333,0.9705,1.0854,0.9215,1.0219,0.2515,10/20/-,neither
CEG,5066,0.5109,2.2784,1.6118,False,29047.774,100.0,False,29.1667,0.935,1.0527,0.8945,1.0233,0.2936,20/20/-,neither
CELH,5066,0.6251,0.5076,1.0847,False,0.0,,False,8.3333,0.8718,1.0164,0.993,0.8266,0.2603,30/10/s15,neither
CIEN,5065,0.5984,8.4295,3.5626,False,0.0,,False,0.0,0.66,0.9078,0.7703,1.0066,0.6141,30/5/-,neither
CLOV,5066,0.7459,4.6811,2.0694,False,190.3785,100.0,False,0.0,0.6335,0.9132,0.7852,1.0582,0.4361,30/5/-,neither
CLS,5065,0.6934,12.9474,3.6931,False,0.8942,100.0,False,0.0,0.6049,0.9579,0.6548,1.0145,0.48,30/5/-,neither
CLSK,5059,1.0203,3.4272,1.2072,True,0.0,,False,16.6667,0.9169,1.1785,0.9027,1.1666,0.3547,10/20/-,"feed,no pool"
COHR,5065,0.7344,10.1702,3.1585,False,0.0,,False,4.1667,0.7489,1.0003,0.9289,1.0425,0.7271,30/5/-,neither
COIN,5066,0.7465,2.5705,1.2647,True,0.0,,False,45.8333,0.9942,1.2491,0.9665,0.9968,0.3208,10/20/-,"feed,no pool"
COST,5066,0.2076,1.6256,2.3401,False,628384.8372,30.0,False,79.1667,1.0075,1.0333,1.0228,1.0324,0.1565,5/10/-,"pool,no feed"
CRCL,2244,1.3909,2.9606,0.7804,True,1705848.7306,30.0,True,50.0,0.9957,1.1043,0.9671,0.8795,0.2019,5/20/-,LISTABLE
CRDO,5066,0.8848,12.3127,2.8377,False,0.0,,False,0.0,0.6153,0.9947,0.8489,1.0389,0.6983,30/5/-,neither
CRM,5065,0.3967,1.1869,0.4319,False,0.0,,False,37.5,0.9823,1.0721,0.9718,0.9781,0.1309,10/20/-,neither
CRWD,5066,0.4996,5.3748,3.3663,False,0.0,,False,4.1667,0.7779,1.0024,0.8713,1.0071,0.5035,20/5/-,neither
CRWV,2573,1.0779,2.1438,0.7075,True,0.0,,False,41.6667,0.9838,1.2858,0.9823,1.0566,0.2774,5/20/-,"feed,no pool"
CSCO,5066,0.2667,2.084,2.7531,False,0.0,,False,0.0,0.7992,0.9414,0.764,1.0187,0.2496,30/5/-,neither
CTSH,5066,0.293,0.9127,0.3119,False,0.0,,False,50.0,1.0005,1.0722,1.0218,0.9766,0.1247,5/20/-,neither
CVNA,5065,0.7685,10.2893,3.0332,False,0.0,,False,0.0,0.742,0.9794,0.8762,1.05,0.5595,30/5/-,neither
DDOG,5066,0.5342,2.723,1.875,False,2159.3272,30.0,False,16.6667,0.807,1.0533,0.9217,1.0232,0.3882,30/20/-,neither
DELL,5065,0.617,8.5972,3.487,True,263132.3049,100.0,True,0.0,0.6379,0.8809,0.6931,1.0209,0.5056,30/5/-,LISTABLE
DJT,4328,0.8684,0.1244,2.4,False,603244.4266,100.0,False,0.0,0.7371,0.9857,0.9979,0.7518,0.1174,30/5/-,"pool,no feed"
DOCN,5065,0.6707,6.0069,2.6731,False,0.0,,False,0.0,0.7429,0.9412,0.8647,1.0578,0.6321,30/5/-,neither
ELF,5065,0.692,0.9213,0.1185,False,0.0,,False,12.5,0.956,1.0689,0.9452,0.9288,0.2068,20/20/-,neither
EWT,5065,0.277,2.5372,3.3608,False,0.0,,False,0.0,0.7664,0.9464,0.8369,1.0258,0.316,30/5/-,neither
EWY,5065,0.3757,3.1844,3.0829,True,0.0,,False,0.0,0.6277,0.9191,0.6582,1.0183,0.2861,30/5/-,"feed,no pool"
F,5065,0.3603,1.1487,0.3848,False,176000.2403,30.0,False,50.0,0.9961,1.0744,1.0344,1.0241,0.2917,10/20/-,"pool,no feed"
FICO,5064,0.4785,1.0302,0.0622,False,0.0,,False,83.3333,1.1074,1.505,1.0099,1.025,0.1677,5/20/-,neither
FIG,1981,1.3835,0.6879,0.2704,False,124518.9427,30.0,False,33.3333,0.9447,1.094,1.0386,0.7885,0.2007,10/20/-,"pool,no feed"
FISV,1481,0.3996,0.7408,0.7509,False,0.0,,False,62.5,1.0011,1.0292,1.0292,1.0464,0.0394,5/5/-,neither
FIX,5065,0.5357,10.6502,4.4159,False,1.0796,100.0,False,0.0,0.5953,0.9186,0.6481,1.0111,0.4405,30/5/-,neither
FLNC,5066,1.0732,0.4045,0.8434,False,0.0,,False,45.8333,0.9962,1.0862,1.0104,1.0036,0.5616,20/10/s15,neither
FLY,1947,1.0491,0.3205,1.0846,False,110.3855,100.0,False,0.0,0.733,0.9585,0.9074,0.7551,0.2841,30/5/-,neither
FTNT,5066,0.4423,3.0334,2.5091,False,0.9665,100.0,False,0.0,0.7279,0.9397,0.7646,1.0102,0.3022,30/5/-,neither
FUTU,5066,0.638,1.9438,1.0417,False,0.0,,False,16.6667,0.8679,1.0296,0.8535,1.0472,0.332,30/20/-,neither
GE,5065,0.3148,3.6428,4.1061,False,0.0,,False,0.0,0.8618,0.976,0.8574,1.0182,0.3309,30/5/-,neither
GEV,3421,0.5584,3.7091,2.3472,False,0.0,,False,0.0,0.7762,0.9846,0.9004,1.0518,0.4279,30/5/-,neither
GLD,5065,0.2132,2.1895,3.6764,False,3695306.8592,30.0,False,0.0,0.8492,0.9465,0.8071,1.0099,0.1948,30/5/-,"pool,no feed"
GLW,5065,0.4863,5.5446,3.5222,False,0.0,,False,0.0,0.6217,0.8866,0.661,1.0149,0.4244,30/5/-,neither
GLXY,2338,0.9089,1.0927,0.0975,False,193897.4105,30.0,False,50.0,1.0014,1.1862,1.0104,0.9807,0.2572,10/20/-,"pool,no feed"
GME,5065,0.9323,1.6932,0.5648,True,975831.9223,100.0,True,45.8333,0.9441,1.1101,1.0138,1.4337,0.3054,5/20/-,LISTABLE
GOOGL,5066,0.3205,2.5693,2.9442,True,1270957.2599,5.0,True,0.0,0.7726,0.9627,0.7877,1.0222,0.2664,30/5/-,LISTABLE
HII,5065,0.3678,1.2464,0.5988,False,0.0,,False,8.3333,0.9228,1.0376,0.8627,1.0195,0.202,30/20/-,neither
HIMS,5065,0.959,4.4063,1.5465,False,1809076.2894,30.0,False,0.0,0.8711,0.997,0.9015,1.0102,0.5064,20/5/-,"pool,no feed"
HPE,5065,0.4981,3.9849,2.7756,False,1259.6062,30.0,False,0.0,0.679,0.908,0.7962,1.0386,0.469,30/5/-,neither
HWM,5065,0.3554,5.2554,4.6688,False,0.8918,100.0,False,0.0,0.7498,0.9412,0.785,1.0133,0.4014,30/5/-,neither
IBM,5065,0.3605,1.6853,1.4479,False,164107.8553,30.0,False,66.6667,1.0156,1.1193,1.0244,1.0246,0.2788,10/20/-,"pool,no feed"
IBRX,5066,1.0769,5.9034,1.6488,False,0.0,,False,0.0,0.738,0.9516,0.7688,1.1775,0.3937,30/20/-,neither
INDA,5065,0.1495,1.1028,0.6544,False,9365.0866,30.0,False,62.5,1.001,1.0406,1.007,1.029,0.0355,5/20/-,neither
INFQ,1043,1.1552,0.9294,0.0634,False,0.0,,False,33.3333,0.9838,1.0787,0.9836,1.0263,0.1949,20/20/-,neither
INOD,5066,1.0497,8.2529,2.0107,False,0.0,,False,0.0,0.6634,0.9719,0.7926,1.0359,0.5997,30/20/-,neither
INTC,5066,0.6601,3.1366,1.7318,True,219552.0662,30.0,True,0.0,0.7167,0.8717,0.7922,0.961,0.5504,30/5/-,LISTABLE
INTU,5066,0.3915,0.6035,1.2899,False,0.0,,False,25.0,0.9834,1.0591,1.0156,0.9604,0.1197,5/20/-,neither
IONQ,5065,0.9847,3.137,1.1611,True,1.7853,100.0,False,0.0,0.7438,0.9325,0.7918,0.9496,0.5556,30/5/-,"feed,no pool"
IREN,5066,1.0838,14.3883,2.4603,False,0.0,,False,0.0,0.6576,0.9042,0.739,1.0005,0.5817,30/5/-,neither
JBL,5065,0.4235,2.3926,2.0601,False,0.0,,False,0.0,0.7568,0.9882,0.8441,1.0181,0.411,30/10/-,neither
JNJ,5065,0.1842,1.7668,3.0901,False,62467.4339,30.0,False,0.0,0.8682,0.9759,0.84,1.0127,0.1885,30/5/-,"pool,no feed"
JOBY,5065,0.7559,1.0728,0.093,False,0.0,,False,50.0,1.0007,1.2154,0.9178,1.0588,0.4294,30/20/s15,neither
KLAC,5066,0.4732,3.8349,2.8407,False,0.0,,False,4.1667,0.8196,1.0011,0.8893,1.042,0.5807,20/5/-,neither
KSS,5065,0.714,0.7907,0.3289,False,0.0,,False,50.0,0.9989,1.1431,1.0045,1.0692,0.3202,20/5/s15,neither
KTOS,5066,0.5795,2.7096,1.7201,False,0.0,,False,0.0,0.8048,0.9655,0.7871,1.0175,0.4797,30/5/s15,neither
LHX,5065,0.2421,1.391,1.3633,False,0.0,,False,62.5,1.0073,1.0913,0.9113,1.0035,0.1944,30/20/s15,neither
LITE,5066,0.747,24.3754,4.2753,False,0.0,,False,0.0,0.5626,0.9221,0.7044,1.0431,0.6275,30/5/-,neither
LLY,5065,0.3621,1.9739,1.878,False,564093.083,100.0,False,25.0,0.7849,1.0147,0.9373,1.0294,0.2803,20/20/-,"pool,no feed"
LMT,5065,0.2503,1.1877,0.6873,False,22816.8802,30.0,False,45.8333,0.983,1.0493,0.9508,1.0035,0.156,20/20/-,neither
LRCX,5066,0.5109,4.8158,3.077,False,0.0,,False,0.0,0.6931,0.9337,0.7486,1.0161,0.4914,30/5/-,neither
LULU,5066,0.4662,0.2467,3.0026,False,178455.7964,30.0,False,4.1667,0.807,1.0133,1.031,0.8159,0.0864,30/10/-,"pool,no feed"
LUNR,5066,1.1924,4.6745,1.2933,False,0.0,,False,8.3333,0.82,1.0108,0.8722,1.0766,0.6647,30/5/-,neither
MDB,5066,0.6636,1.1225,0.1741,False,0.0,,False,37.5,0.9505,1.0899,1.0556,0.9516,0.4024,20/20/-,neither
META,5066,0.3835,2.131,1.9728,True,218607.7004,30.0,True,41.6667,0.9506,1.0366,0.9832,1.0395,0.2264,10/20/-,LISTABLE
MOD,5065,0.6664,4.6515,2.3068,False,0.0,,False,20.8333,0.8091,1.0317,0.9739,1.0365,0.6068,30/20/-,neither
MPWR,5066,0.5448,2.9078,1.9593,False,0.8948,100.0,False,0.0,0.8465,0.9835,0.877,1.0139,0.4115,30/10/-,neither
MRNA,5066,0.9047,1.9446,0.7351,False,109548.1771,100.0,False,0.0,0.6345,0.9382,0.8444,0.765,0.572,30/5/-,"pool,no feed"
MRVL,5066,0.6665,4.9699,2.4057,False,33600.42,100.0,False,0.0,0.6681,0.8707,0.7184,0.9969,0.4692,30/5/-,neither
MSFT,5066,0.2699,1.5077,1.5214,True,765522.201,30.0,True,37.5,0.935,1.0495,0.983,1.0161,0.145,10/20/-,LISTABLE
MSTR,5066,0.8627,4.2845,1.6865,True,475347.1356,100.0,True,8.3333,0.9027,1.029,0.7918,0.9258,0.3261,20/5/s15,LISTABLE
MTSI,5066,0.4948,3.6801,2.6332,False,0.0,,False,0.0,0.7899,0.9652,0.8453,1.0266,0.5166,30/5/-,neither
MU,5066,0.6297,15.1934,4.3206,True,1032001.1275,30.0,True,0.0,0.5384,0.8924,0.5738,1.0072,0.4626,30/5/-,LISTABLE
MXL,5066,0.8496,4.0449,1.6448,False,0.0,,False,0.0,0.6547,0.8312,0.6536,0.9865,0.4903,30/5/-,neither
NAVN,1535,0.8881,0.8544,0.1772,False,0.0,,False,0.0,0.8399,0.9682,0.8842,0.8401,0.3079,30/5/-,neither
NBIS,3324,1.104,13.5403,2.3602,True,0.0,,False,0.0,0.7181,0.9882,0.9046,1.0492,0.7062,30/5/-,"feed,no pool"
NET,5065,0.5638,5.5435,3.0375,False,61497.0792,30.0,False,4.1667,0.7133,1.0002,0.8992,1.093,0.5432,30/5/-,"pool,no feed"
NFLX,5066,0.3356,1.7869,1.7296,False,199223.6767,30.0,False,45.8333,0.9934,1.1607,0.8873,0.9954,0.1889,30/20/s15,"pool,no feed"
NNE,3422,1.1041,1.0911,0.079,False,0.0,,False,87.5,1.1068,1.6157,1.076,1.0624,0.3579,5/20/s15,neither
NOW,5065,0.4569,1.2547,0.4966,False,0.6678,100.0,False,45.8333,0.9975,1.1025,0.9742,0.9681,0.1665,10/5/s15,neither
NU,5065,0.4209,1.6841,1.2385,False,73824.4355,30.0,False,54.1667,1.0069,1.1114,1.0421,1.0318,0.3042,5/10/-,"pool,no feed"
NVDA,5066,0.4589,5.243,3.6104,True,6195860.0631,5.0,True,0.0,0.7796,0.9719,0.8844,1.0458,0.3641,30/5/-,LISTABLE
NVTS,5066,1.1662,2.0764,0.6265,False,0.0,,False,0.0,0.8999,0.984,0.9236,1.0016,0.7493,30/20/-,neither
OKLO,4103,1.1407,3.1156,0.9963,False,0.0,,False,0.0,0.7216,0.9599,0.7382,1.0642,0.5128,30/5/-,neither
ON,5066,0.5569,0.8306,0.3332,False,55234.0419,100.0,False,8.3333,0.8415,1.0105,0.875,1.056,0.341,30/20/-,"pool,no feed"
ONTO,5065,0.6349,2.2625,1.286,False,0.0,,False,4.1667,0.8462,1.0039,0.9271,1.0559,0.4546,30/20/-,neither
ORCL,5065,0.5031,1.4336,0.7159,True,0.0,,False,58.3333,1.0334,1.1768,0.8859,1.0317,0.3097,20/10/s15,"feed,no pool"
OUST,5066,1.001,8.4255,2.1292,False,0.0,,False,20.8333,0.8016,1.0263,0.8227,1.0082,0.6345,20/10/-,neither
P,749,0.7487,1.5175,0.5571,False,0.0,,False,16.6667,0.9268,1.0119,0.8952,1.0957,0.1479,20/20/-,neither
PANW,5066,0.44,2.9734,2.4766,False,0.0,,False,0.0,0.7656,0.9476,0.8404,1.0426,0.371,30/5/-,neither
PATH,5065,0.6205,0.8564,0.2498,False,1.2944,100.0,False,25.0,0.9201,1.0532,1.0187,0.9198,0.2654,5/10/-,neither
PENG,3352,0.714,2.5114,1.2897,False,16487.683,30.0,False,0.0,0.6202,0.8988,0.6787,1.0172,0.3855,30/5/-,neither
PFE,5065,0.251,0.8895,0.4665,False,121743.2003,30.0,False,33.3333,0.9618,1.0255,1.0405,1.0221,0.1071,10/10/-,"pool,no feed"
PL,5065,0.882,7.7476,2.3214,False,0.0,,False,0.0,0.7278,0.9365,0.8358,1.0341,0.7473,20/10/-,neither
PLTR,5066,0.6507,11.2497,3.7197,True,145280.5281,30.0,True,0.0,0.6191,0.914,0.7201,1.0561,0.473,30/5/-,LISTABLE
POET,5032,1.2189,2.804,0.8459,False,3908.2141,100.0,False,4.1667,0.6868,1.0114,0.787,0.8932,0.6172,30/20/-,neither
POWL,5066,0.7259,7.4219,2.7614,False,0.0,,False,0.0,0.741,0.9358,0.7391,1.0151,0.5138,30/5/-,neither
PR,5065,0.3785,1.5216,1.1089,False,0.0,,False,4.1667,0.8717,1.003,0.8868,1.0601,0.2503,30/10/-,neither
PWR,5065,0.3915,3.862,3.4511,False,0.9628,100.0,False,0.0,0.7476,0.959,0.7711,1.0129,0.3528,30/5/-,neither
QBTS,5065,1.3085,22.7963,2.3894,False,0.0,,False,0.0,0.5623,0.9229,0.7744,1.0491,0.703,30/5/-,neither
QCOM,5066,0.4281,1.6267,1.1365,False,0.0,,False,50.0,0.9822,1.135,1.0708,1.0048,0.3595,20/20/-,neither
QQQ,5066,0.1981,2.0332,3.5818,True,1466041.0025,5.0,True,0.0,0.9054,0.9923,0.8931,1.0114,0.1708,30/10/-,LISTABLE
QUBT,5066,1.3926,9.9748,1.6516,False,118530.7083,30.0,False,4.1667,0.716,1.0041,0.6821,1.0352,0.5767,30/5/s15,"pool,no feed"
RBLX,5065,0.5966,1.5213,0.7032,False,217593.7832,100.0,False,25.0,0.8894,1.1086,0.7831,0.9739,0.2636,5/20/s15,"pool,no feed"
RCAT,5064,1.2064,7.0327,1.6169,False,42682.722,100.0,False,0.0,0.6814,0.9779,0.7693,0.9874,0.6288,30/5/-,neither
RDDT,3421,0.7878,2.3291,1.0732,False,1448128.1131,100.0,False,62.5,1.0069,1.1294,0.9258,0.913,0.267,10/20/-,"pool,no feed"
RDW,5065,0.9962,4.1628,1.4316,False,0.0,,False,4.1667,0.8536,1.0098,0.8502,0.9902,0.5137,30/10/s15,neither
RGTI,5066,1.2978,13.5536,2.0085,True,0.0,,False,0.0,0.6366,0.9766,0.73,0.9814,0.6631,30/5/-,"feed,no pool"
RIVN,5066,0.7118,0.8827,0.1754,False,99905.7942,100.0,False,33.3333,0.9048,1.1701,1.0248,0.9514,0.3612,20/20/-,"pool,no feed"
RKLB,5066,0.8711,15.618,3.1552,True,1.2026,100.0,False,0.0,0.6008,0.8777,0.5979,1.0359,0.5178,30/5/-,"feed,no pool"
RUN,5066,1.0184,0.8613,0.1466,False,1598.8196,100.0,False,58.3333,1.0299,1.3277,0.9907,0.9673,0.3691,10/20/-,neither
SCHD,5065,0.1355,1.4599,2.7918,False,0.9664,100.0,False,0.0,0.9593,0.9988,0.9104,1.0092,0.0993,30/5/-,neither
SGOV,5065,0.0126,1.0001,0.0076,True,3765818.2645,30.0,True,0.0,1.0,1.0,1.0,1.0,0.0,5/5/-,LISTABLE
SHOP,5066,0.5885,2.5133,1.566,False,32776.9614,100.0,False,16.6667,0.8917,1.0615,0.9082,1.0266,0.354,30/20/-,neither
SHY,5066,0.0183,1.0039,0.212,False,0.0,,False,0.0,1.0,1.0,1.0,1.0,0.0,5/5/-,neither
SIMO,5066,0.5839,5.0157,2.7617,False,0.0,,False,0.0,0.7031,0.9638,0.8435,1.0052,0.6169,30/5/-,neither
SKHY,343,0.9507,1.1801,0.1742,False,25573.1546,30.0,False,20.8333,0.9667,1.0133,0.9622,1.0741,0.1132,20/10/-,neither
SLS,5066,1.0043,12.6263,2.525,False,0.0,,False,0.0,0.6141,0.9635,0.7408,1.1016,0.6421,20/10/-,neither
SLV,5065,0.4414,2.8233,2.3513,True,437263.654,30.0,True,0.0,0.7318,0.8786,0.6971,1.0324,0.3057,30/5/-,LISTABLE
SMCI,5066,0.9849,1.5634,0.4537,False,0.0,,False,50.0,1.0001,1.1645,0.9209,0.9973,0.2486,10/20/-,neither
SMH,5066,0.3598,4.0183,3.8661,False,0.8865,100.0,False,0.0,0.6934,0.9256,0.7307,1.0158,0.3286,30/5/-,neither
SNAP,5065,0.6445,0.5747,0.8594,False,79821.7001,30.0,False,29.1667,0.946,1.0821,1.0323,0.9775,0.1399,20/20/-,"pool,no feed"
SNDK,2744,0.9769,37.4342,3.7083,True,66620.9331,100.0,True,0.0,0.3817,0.6978,0.3853,0.9707,0.3421,30/5/-,LISTABLE
SNOW,5065,0.5722,2.2396,1.4092,False,24666.9098,30.0,False,8.3333,0.816,1.0211,0.9531,0.9621,0.4627,30/20/-,neither
SOFI,5066,0.6107,2.3129,1.3731,False,3.8836,100.0,False,0.0,0.7766,0.9344,0.8165,1.0067,0.3884,30/5/-,neither
SOUN,5066,1.0056,3.6442,1.2859,False,0.0,,False,0.0,0.8345,0.9886,0.7965,0.9766,0.4111,30/20/s15,neither
SOXX,5066,0.3819,3.5018,3.2815,False,52549.2091,30.0,False,0.0,0.7212,0.9474,0.7737,1.0259,0.3731,30/5/-,"pool,no feed"
SPCX,474,0.7816,0.9257,0.0987,True,2561916.5014,5.0,True,20.8333,0.9358,1.0052,1.0083,0.9548,0.099,10/5/-,LISTABLE
SPMO,5055,0.2195,2.6281,4.4026,False,0.0,,False,0.0,0.8599,0.9763,0.8277,1.01,0.1937,30/5/-,neither
SPY,5065,0.1496,1.8098,3.9664,True,433512.6565,5.0,True,0.0,0.9192,0.9929,0.9141,1.003,0.1402,30/5/-,LISTABLE
TE,2708,1.2495,2.7199,0.8008,False,0.0,,False,0.0,0.8201,0.9562,0.8168,1.0293,0.557,20/5/-,neither
TEAM,5066,0.5845,1.0339,0.057,False,0.0,,False,20.8333,0.9122,1.06,0.8915,0.917,0.2326,30/10/s15,neither
TEM,3422,0.8872,1.4686,0.4332,False,0.0,,False,37.5,0.9687,1.0797,0.9953,0.9988,0.3556,30/20/-,neither
TER,5066,0.5733,4.0561,2.4422,False,0.0,,False,0.0,0.7251,0.9401,0.7622,1.0011,0.4641,30/5/-,neither
TSEM,5066,0.5734,9.7831,3.9775,False,0.0,,False,0.0,0.6821,0.9337,0.7485,1.0146,0.5774,30/5/-,neither
TSLA,5066,0.5643,1.7373,0.9788,True,760451.1981,30.0,True,12.5,0.9155,1.0365,0.926,1.0157,0.2959,30/20/-,LISTABLE
TSM,5065,0.4061,4.7631,3.844,True,115109.5158,100.0,True,0.0,0.7266,0.9762,0.8144,1.0178,0.4183,30/5/-,LISTABLE
TTD,5066,0.6559,0.1893,2.5373,False,0.0,,False,0.0,0.8162,0.9876,1.0569,0.8273,0.1137,30/5/-,neither
TTWO,5066,0.3074,1.4702,1.2535,False,209670.0495,30.0,False,66.6667,1.0045,1.0469,1.0206,1.0331,0.2609,5/10/-,"pool,no feed"
UMC,5065,0.4543,3.3062,2.6324,False,1.1505,100.0,False,0.0,0.5754,0.8772,0.6213,0.9999,0.3159,30/5/-,neither
UNH,5065,0.3866,0.7156,0.8654,False,0.0,,False,4.1667,0.8497,1.0052,1.0216,0.8909,0.1396,30/20/-,neither
UPS,5065,0.3052,0.6562,1.3805,False,88554.2079,100.0,False,29.1667,0.9554,1.0098,1.02,1.0073,0.0868,20/10/-,"pool,no feed"
USAR,2646,1.2922,1.368,0.2425,True,80317.7936,30.0,True,33.3333,0.9792,1.1761,0.9368,1.0737,0.3915,5/20/-,LISTABLE
USO,5065,0.4093,1.9222,1.5964,True,1839732.3319,30.0,True,4.1667,0.7811,1.0009,0.8872,1.0535,0.3959,30/5/-,LISTABLE
VICR,5066,0.7642,4.2638,1.8976,False,0.0,,False,0.0,0.7174,0.9623,0.8024,1.1204,0.6506,30/5/-,neither
VRT,5065,0.6628,6.6438,2.8572,False,1.7798,100.0,False,0.0,0.7656,0.9774,0.8258,1.0174,0.5531,20/5/-,neither
VSAT,5066,0.8121,3.8552,1.6617,False,0.0,,False,0.0,0.6915,0.9098,0.8482,1.034,0.6546,20/5/-,neither
VST,5065,0.5692,4.4519,2.6236,False,0.0,,False,0.0,0.8148,0.9672,0.8148,1.0607,0.3034,30/5/-,neither
VTI,5021,0.1532,1.8041,3.8513,False,86265.7952,100.0,False,0.0,0.913,0.9903,0.8952,1.0018,0.1295,30/5/-,"pool,no feed"
WDAY,5066,0.431,0.9215,0.1896,False,0.0,,False,79.1667,1.01,1.0662,1.0235,1.0227,0.1463,10/20/-,neither
WDC,5066,0.6113,13.8327,4.2972,False,0.0,,False,0.0,0.4772,0.8128,0.5305,1.0256,0.4375,30/5/-,neither
WULF,5066,1.1449,13.8211,2.2939,False,5055.9074,100.0,False,0.0,0.6981,0.9531,0.761,1.0179,0.6292,30/5/-,neither
WYFI,1948,1.2804,0.9683,0.0252,False,43866.509,30.0,False,41.6667,0.9958,1.1253,0.9732,0.9576,0.4018,30/20/-,neither
XLK,5065,0.2458,2.3176,3.4199,False,4.2045,100.0,False,0.0,0.8003,0.9634,0.8003,1.0086,0.1679,30/5/-,neither
XNDU,847,1.9186,0.7902,0.1228,False,0.0,,False,54.1667,1.0086,1.2575,1.0277,1.0464,0.0947,30/20/s15,neither
XOM,5065,0.243,1.4895,1.6395,False,2.9406,100.0,False,0.0,0.8825,0.9978,0.8909,1.0182,0.1855,30/20/-,neither
ZM,5066,0.3649,1.4401,0.9995,False,0.0,,False,45.8333,0.9667,1.0889,1.0551,1.0519,0.3497,5/10/-,neither
ZS,5066,0.5335,1.2163,0.367,False,0.0,,False,58.3333,1.0047,1.1115,0.9745,0.9411,0.2531,5/10/s15,neither
