tp1,dip,stop,lot,min,med,mean,burned,d_all,h_fwd,h_rev,score
0.05,0.03,0.0,0.2,0.6042,0.9459,0.9291,0.1068,0.4677,0.8078,1.0385,0.6042
0.05,0.03,0.0,0.5,0.6963,0.9678,0.946,0.1359,0.6296,0.8637,1.0038,0.6963
0.05,0.03,0.15,0.2,0.5993,0.9245,0.9233,0.1062,0.4126,0.7117,1.058,0.5993
0.05,0.03,0.15,0.5,0.6913,0.9544,0.9365,0.1412,0.5928,0.74,0.9959,0.6913
0.05,0.03,0.25,0.2,0.6042,0.9324,0.9267,0.1068,0.4472,0.7943,1.0237,0.6042
0.05,0.03,0.25,0.5,0.6963,0.9626,0.9427,0.1447,0.5892,0.8219,1.0109,0.6963
0.05,0.05,0.0,0.2,0.5712,0.9299,0.92,0.0907,0.3733,0.7357,1.068,0.5712
0.05,0.05,0.0,0.5,0.6413,0.9573,0.9316,0.1087,0.5333,0.7748,1.0187,0.6413
0.05,0.05,0.15,0.2,0.5662,0.9099,0.9133,0.084,0.3052,0.6514,1.1182,0.5662
0.05,0.05,0.15,0.5,0.6352,0.9247,0.9219,0.1071,0.4769,0.6767,1.0676,0.6352
0.05,0.05,0.25,0.2,0.5712,0.9183,0.9167,0.0892,0.3534,0.7285,1.0696,0.5712
0.05,0.05,0.25,0.5,0.6413,0.9548,0.9271,0.1083,0.5273,0.7705,1.0237,0.6413
0.05,0.08,0.0,0.2,0.5239,0.9111,0.9136,0.0803,0.2601,0.7068,1.1085,0.5239
0.05,0.08,0.0,0.5,0.5233,0.9284,0.9176,0.0956,0.3657,0.7479,1.0388,0.5233
0.05,0.08,0.15,0.2,0.5192,0.9041,0.9098,0.0738,0.1871,0.6445,1.1655,0.5192
0.05,0.08,0.15,0.5,0.5182,0.9177,0.913,0.092,0.2828,0.6819,1.122,0.5182
0.05,0.08,0.25,0.2,0.5239,0.905,0.912,0.0746,0.2302,0.7016,1.1216,0.5239
0.05,0.08,0.25,0.5,0.5233,0.9226,0.9157,0.0935,0.3387,0.7441,1.0603,0.5233
0.05,0.1,0.0,0.2,0.5246,0.9088,0.9125,0.0779,0.2425,0.679,1.1127,0.5246
0.05,0.1,0.0,0.5,0.525,0.9221,0.9143,0.0882,0.3363,0.7096,1.0624,0.525
0.05,0.1,0.15,0.2,0.5199,0.8994,0.9077,0.0671,0.1651,0.6211,1.1444,0.5199
0.05,0.1,0.15,0.5,0.5199,0.9084,0.9084,0.0823,0.2485,0.6322,1.0716,0.5199
0.05,0.1,0.25,0.2,0.5246,0.9003,0.9087,0.0742,0.2002,0.669,1.1169,0.5246
0.05,0.1,0.25,0.5,0.525,0.9101,0.9089,0.0865,0.2991,0.7008,1.037,0.525
0.05,0.15,0.0,0.2,0.5243,0.9084,0.9105,0.072,0.1808,0.638,1.1499,0.5243
0.05,0.15,0.0,0.5,0.5243,0.9118,0.908,0.0732,0.2382,0.6792,1.1349,0.5243
0.05,0.15,0.15,0.2,0.5199,0.8949,0.9073,0.0606,0.0974,0.5903,1.2148,0.5199
0.05,0.15,0.15,0.5,0.5199,0.8949,0.9073,0.0606,0.0974,0.5937,1.2231,0.5199
0.05,0.15,0.25,0.2,0.5243,0.8965,0.9077,0.0631,0.1447,0.6155,1.1871,0.5243
0.05,0.15,0.25,0.5,0.5243,0.8975,0.9044,0.0657,0.1965,0.6495,1.1917,0.5243
0.05,0.2,0.0,0.2,0.5243,0.9032,0.9119,0.07,0.1351,0.6142,1.1579,0.5243
0.05,0.2,0.0,0.5,0.5243,0.9041,0.9093,0.0713,0.1609,0.6259,1.1402,0.5243
0.05,0.2,0.15,0.2,0.5199,0.8949,0.9073,0.0606,0.0974,0.5808,1.2092,0.5199
0.05,0.2,0.15,0.5,0.5199,0.8949,0.9073,0.0606,0.0974,0.5808,1.2092,0.5199
0.05,0.2,0.25,0.2,0.5243,0.8958,0.9087,0.062,0.1133,0.6007,1.1846,0.5243
0.05,0.2,0.25,0.5,0.5243,0.8958,0.9065,0.062,0.1259,0.6125,1.185,0.5243
0.1,0.03,0.0,0.2,0.6608,0.9742,0.9516,0.1071,0.5527,0.8858,1.0175,0.6608
0.1,0.03,0.0,0.5,0.7562,0.9871,0.9678,0.1126,0.7222,0.9294,1.0041,0.7562
0.1,0.03,0.15,0.2,0.6543,0.958,0.9432,0.1124,0.469,0.7415,1.0178,0.6543
0.1,0.03,0.15,0.5,0.7501,0.9742,0.9584,0.139,0.654,0.7707,0.9759,0.7501
0.1,0.03,0.25,0.2,0.6608,0.9646,0.9483,0.121,0.5268,0.8371,0.9688,0.6608
0.1,0.03,0.25,0.5,0.7562,0.9851,0.9647,0.1317,0.6774,0.879,0.9524,0.7562
0.1,0.05,0.0,0.2,0.6353,0.9648,0.9457,0.1023,0.482,0.8226,1.0301,0.6353
0.1,0.05,0.0,0.5,0.7174,0.9798,0.9594,0.1135,0.6521,0.8828,1.0108,0.7174
0.1,0.05,0.15,0.2,0.6282,0.9488,0.9366,0.0984,0.377,0.6896,1.06,0.6282
0.1,0.05,0.15,0.5,0.7099,0.9717,0.9476,0.1223,0.5503,0.7111,1.011,0.7099
0.1,0.05,0.25,0.2,0.6353,0.954,0.9417,0.1086,0.4515,0.7726,0.9987,0.6353
0.1,0.05,0.25,0.5,0.7174,0.9743,0.9546,0.125,0.6437,0.8284,0.9531,0.7174
0.1,0.08,0.0,0.2,0.5797,0.9508,0.9376,0.0972,0.3533,0.7825,1.0466,0.5797
0.1,0.08,0.0,0.5,0.5786,0.9716,0.944,0.1078,0.463,0.8269,1.022,0.5786
0.1,0.08,0.15,0.2,0.5728,0.9401,0.9292,0.0868,0.2559,0.6912,1.1111,0.5728
0.1,0.08,0.15,0.5,0.5718,0.9602,0.9315,0.1034,0.3639,0.7446,1.0541,0.5718
0.1,0.08,0.25,0.2,0.5797,0.9416,0.9338,0.0909,0.312,0.7673,1.0469,0.5797
0.1,0.08,0.25,0.5,0.5786,0.954,0.938,0.1062,0.4333,0.8202,0.9836,0.5786
0.1,0.1,0.0,0.2,0.5804,0.9507,0.9358,0.0997,0.3318,0.7507,1.0554,0.5804
0.1,0.1,0.0,0.5,0.5804,0.9599,0.9405,0.1062,0.4413,0.8032,1.0313,0.5804
0.1,0.1,0.15,0.2,0.5735,0.936,0.9276,0.0829,0.229,0.6527,1.1103,0.5735
0.1,0.1,0.15,0.5,0.5735,0.9524,0.9278,0.0947,0.3236,0.6631,1.0552,0.5735
0.1,0.1,0.25,0.2,0.5804,0.9375,0.9315,0.091,0.2858,0.7089,1.0605,0.5804
0.1,0.1,0.25,0.5,0.5804,0.9536,0.9338,0.1006,0.4048,0.7775,1.0008,0.5804
0.1,0.15,0.0,0.2,0.5804,0.9493,0.9337,0.0897,0.2644,0.7302,1.0683,0.5804
0.1,0.15,0.0,0.5,0.5804,0.9496,0.9346,0.092,0.3333,0.7841,1.0472,0.5804
0.1,0.15,0.15,0.2,0.5735,0.9273,0.9278,0.0809,0.1412,0.626,1.1741,0.5735
0.1,0.15,0.15,0.5,0.5735,0.9273,0.9278,0.0809,0.1412,0.6277,1.1816,0.5735
0.1,0.15,0.25,0.2,0.5804,0.9292,0.9311,0.0868,0.2197,0.7019,1.1053,0.5804
0.1,0.15,0.25,0.5,0.5804,0.932,0.931,0.0873,0.2944,0.7599,1.0724,0.5804
0.1,0.2,0.0,0.2,0.5804,0.9452,0.9333,0.092,0.2224,0.7063,1.0794,0.5804
0.1,0.2,0.0,0.5,0.5804,0.9455,0.9325,0.0967,0.2772,0.7673,1.0702,0.5804
0.1,0.2,0.15,0.2,0.5735,0.9273,0.9278,0.0809,0.1412,0.6112,1.1692,0.5735
0.1,0.2,0.15,0.5,0.5735,0.9273,0.9278,0.0809,0.1412,0.6112,1.1692,0.5735
0.1,0.2,0.25,0.2,0.5804,0.9284,0.9304,0.0844,0.1791,0.6552,1.1204,0.5804
0.1,0.2,0.25,0.5,0.5804,0.9284,0.9295,0.0846,0.2126,0.6963,1.1115,0.5804
0.15,0.03,0.0,0.2,0.7102,0.9874,0.9645,0.0994,0.6185,0.9244,1.0081,0.7102
0.15,0.03,0.0,0.5,0.8114,0.9957,0.9778,0.107,0.777,0.9599,1.0025,0.8114
0.15,0.03,0.15,0.2,0.7024,0.9668,0.954,0.0999,0.5066,0.768,1.0207,0.7024
0.15,0.03,0.15,0.5,0.8047,0.9756,0.9642,0.1162,0.683,0.825,0.9771,0.8047
0.15,0.03,0.25,0.2,0.7102,0.977,0.96,0.1046,0.5802,0.8528,0.9501,0.7102
0.15,0.03,0.25,0.5,0.8114,0.984,0.9716,0.1171,0.7388,0.9049,0.9364,0.8114
0.15,0.05,0.0,0.2,0.6956,0.981,0.9595,0.0964,0.5533,0.8684,1.0157,0.6956
0.15,0.05,0.0,0.5,0.7936,0.9923,0.9718,0.1013,0.7264,0.9193,1.0059,0.7936
0.15,0.05,0.15,0.2,0.6869,0.9671,0.9484,0.0928,0.4341,0.7124,1.0652,0.6869
0.15,0.05,0.15,0.5,0.7849,0.9748,0.9578,0.1076,0.6069,0.7721,1.0118,0.7721
0.15,0.05,0.25,0.2,0.6956,0.9708,0.9544,0.0964,0.5129,0.7867,0.9889,0.6956
0.15,0.05,0.25,0.5,0.7936,0.9849,0.9645,0.1077,0.6974,0.8492,0.951,0.7936
0.15,0.08,0.0,0.2,0.6252,0.9723,0.9523,0.0934,0.4274,0.8211,1.0226,0.6252
0.15,0.08,0.0,0.5,0.6242,0.9866,0.9583,0.1003,0.537,0.8648,1.0108,0.6242
0.15,0.08,0.15,0.2,0.6164,0.9635,0.9428,0.0874,0.2996,0.6828,1.103,0.6164
0.15,0.08,0.15,0.5,0.6154,0.9766,0.945,0.0962,0.4049,0.7323,1.0485,0.6154
0.15,0.08,0.25,0.2,0.6252,0.9648,0.9481,0.0916,0.3726,0.7694,1.0232,0.6252
0.15,0.08,0.25,0.5,0.6242,0.9751,0.9518,0.0973,0.4945,0.8292,0.9651,0.6242
0.15,0.1,0.0,0.2,0.6259,0.9723,0.9506,0.0941,0.4011,0.8108,1.0272,0.6259
0.15,0.1,0.0,0.5,0.6259,0.9788,0.9558,0.0971,0.5161,0.8738,1.0167,0.6259
0.15,0.1,0.15,0.2,0.6171,0.9599,0.9407,0.0856,0.268,0.6865,1.1168,0.6171
0.15,0.1,0.15,0.5,0.6171,0.9721,0.9401,0.087,0.3576,0.6996,1.0766,0.6171
0.15,0.1,0.25,0.2,0.6259,0.9612,0.9461,0.09,0.3434,0.7298,1.0385,0.6259
0.15,0.1,0.25,0.5,0.6259,0.9734,0.9483,0.0933,0.4676,0.7976,0.9918,0.6259
0.15,0.15,0.0,0.2,0.6259,0.9732,0.9484,0.09,0.3299,0.7768,1.0325,0.6259
0.15,0.15,0.0,0.5,0.6259,0.9732,0.9499,0.0927,0.4031,0.8303,1.0244,0.6259
0.15,0.15,0.15,0.2,0.6171,0.9516,0.9411,0.0831,0.1809,0.6459,1.1542,0.6171
0.15,0.15,0.15,0.5,0.6171,0.9516,0.9411,0.0831,0.1809,0.661,1.1614,0.6171
0.15,0.15,0.25,0.2,0.6259,0.9534,0.9458,0.09,0.2789,0.7345,1.0697,0.6259
0.15,0.15,0.25,0.5,0.6259,0.9542,0.9466,0.0927,0.3605,0.8052,1.0441,0.6259
0.15,0.2,0.0,0.2,0.6259,0.9684,0.948,0.092,0.2894,0.7466,1.0358,0.6259
0.15,0.2,0.0,0.5,0.6259,0.9684,0.9482,0.092,0.3539,0.8041,1.0305,0.6259
0.15,0.2,0.15,0.2,0.6171,0.9516,0.9411,0.0831,0.1809,0.6359,1.1494,0.6171
0.15,0.2,0.15,0.5,0.6171,0.9516,0.9411,0.0831,0.1809,0.6359,1.1494,0.6171
0.15,0.2,0.25,0.2,0.6259,0.9529,0.9454,0.0889,0.2421,0.6932,1.0698,0.6259
0.15,0.2,0.25,0.5,0.6259,0.9529,0.9456,0.0889,0.2979,0.7408,1.0464,0.6259
0.2,0.03,0.0,0.2,0.7651,0.9926,0.9737,0.0836,0.6872,0.9364,1.0056,0.7651
0.2,0.03,0.0,0.5,0.8597,0.9966,0.985,0.0847,0.8393,0.9605,1.0016,0.8597
0.2,0.03,0.15,0.2,0.7562,0.9802,0.966,0.08,0.5706,0.7833,1.0317,0.7562
0.2,0.03,0.15,0.5,0.8522,0.9809,0.98,0.0951,0.7239,0.8404,0.9922,0.8404
0.2,0.03,0.25,0.2,0.7651,0.9861,0.9713,0.0827,0.6589,0.8797,0.9578,0.7651
0.2,0.03,0.25,0.5,0.8597,0.9905,0.9848,0.0944,0.7682,0.9286,0.9391,0.8597
0.2,0.05,0.0,0.2,0.7409,0.9907,0.9692,0.0838,0.6181,0.8942,1.0098,0.7409
0.2,0.05,0.0,0.5,0.8267,0.9971,0.9801,0.0844,0.7819,0.9425,1.0033,0.8267
0.2,0.05,0.15,0.2,0.7309,0.9758,0.9608,0.076,0.4854,0.7218,1.064,0.7218
0.2,0.05,0.15,0.5,0.817,0.9817,0.9737,0.0821,0.6672,0.7804,1.0279,0.7804
0.2,0.05,0.25,0.2,0.7409,0.9827,0.9665,0.0806,0.5843,0.8199,0.9853,0.7409
0.2,0.05,0.25,0.5,0.8267,0.9926,0.9787,0.0848,0.7431,0.885,0.954,0.8267
0.2,0.08,0.0,0.2,0.668,0.9863,0.9623,0.0827,0.4887,0.8463,1.0149,0.668
0.2,0.08,0.0,0.5,0.667,0.9942,0.9679,0.0853,0.5993,0.881,1.0068,0.667
0.2,0.08,0.15,0.2,0.6577,0.975,0.9533,0.0726,0.3427,0.6984,1.0969,0.6577
0.2,0.08,0.15,0.5,0.6567,0.9804,0.9583,0.0726,0.4621,0.7541,1.0513,0.6567
0.2,0.08,0.25,0.2,0.668,0.9787,0.9588,0.0777,0.4308,0.8025,1.0159,0.668
0.2,0.08,0.25,0.5,0.667,0.9937,0.9639,0.0803,0.5622,0.8692,0.9639,0.667
0.2,0.1,0.0,0.2,0.6686,0.9863,0.9608,0.0812,0.4569,0.8356,1.0162,0.6686
0.2,0.1,0.0,0.5,0.6686,0.9917,0.966,0.0817,0.5758,0.8865,1.008,0.6686
0.2,0.1,0.15,0.2,0.6584,0.9725,0.9517,0.0723,0.2976,0.6845,1.1,0.6584
0.2,0.1,0.15,0.5,0.6584,0.9785,0.9542,0.0726,0.3895,0.7122,1.0602,0.6584
0.2,0.1,0.25,0.2,0.6686,0.9787,0.9575,0.0762,0.3885,0.7571,1.0194,0.6686
0.2,0.1,0.25,0.5,0.6686,0.9886,0.9615,0.0767,0.514,0.8258,0.9714,0.6686
0.2,0.15,0.0,0.2,0.6686,0.9865,0.9587,0.083,0.39,0.8094,1.021,0.6686
0.2,0.15,0.0,0.5,0.6686,0.9865,0.9613,0.0835,0.468,0.8588,1.0154,0.6686
0.2,0.15,0.15,0.2,0.6584,0.9682,0.95,0.072,0.217,0.6862,1.1411,0.6584
0.2,0.15,0.15,0.5,0.6584,0.9682,0.95,0.072,0.217,0.6878,1.148,0.6584
0.2,0.15,0.25,0.2,0.6686,0.9706,0.9563,0.0787,0.3241,0.7631,1.0571,0.6686
0.2,0.15,0.25,0.5,0.6686,0.9708,0.9586,0.0804,0.4158,0.8323,1.0334,0.6686
0.2,0.2,0.0,0.2,0.6686,0.9832,0.958,0.0809,0.3435,0.8045,1.0227,0.6686
0.2,0.2,0.0,0.5,0.6686,0.9836,0.9593,0.0809,0.4093,0.8838,1.0188,0.6686
0.2,0.2,0.15,0.2,0.6584,0.9682,0.95,0.072,0.217,0.6541,1.1365,0.6541
0.2,0.2,0.15,0.5,0.6584,0.9682,0.95,0.072,0.217,0.6541,1.1365,0.6541
0.2,0.2,0.25,0.2,0.6686,0.9706,0.9554,0.0758,0.2907,0.7403,1.0573,0.6686
0.2,0.2,0.25,0.5,0.6686,0.9753,0.9564,0.0758,0.3572,0.8198,1.0355,0.6686
0.3,0.03,0.0,0.2,0.8266,0.9972,0.9829,0.0507,0.7509,0.9553,1.002,0.8266
0.3,0.03,0.0,0.5,0.9094,0.9997,0.9906,0.0508,0.8754,0.9774,1.0006,0.9094
0.3,0.03,0.15,0.2,0.816,0.9871,0.9737,0.046,0.6083,0.7798,1.0583,0.7798
0.3,0.03,0.15,0.5,0.8772,0.9882,0.9835,0.0519,0.7262,0.8283,1.0428,0.8283
0.3,0.03,0.25,0.2,0.8266,0.9908,0.98,0.0518,0.6961,0.8724,0.9667,0.8266
0.3,0.03,0.25,0.5,0.9094,0.9952,0.9889,0.0542,0.7901,0.8999,0.9556,0.8999
0.3,0.05,0.0,0.2,0.8043,0.997,0.9798,0.051,0.6964,0.9238,1.003,0.8043
0.3,0.05,0.0,0.5,0.8835,0.9987,0.9873,0.0514,0.8451,0.959,1.0011,0.8835
0.3,0.05,0.15,0.2,0.7926,0.9864,0.9694,0.0463,0.5303,0.7261,1.0699,0.7261
0.3,0.05,0.15,0.5,0.8672,0.9879,0.9779,0.0525,0.6485,0.7775,1.0409,0.7775
0.3,0.05,0.25,0.2,0.8043,0.9911,0.9764,0.0521,0.6306,0.8347,0.9823,0.8043
0.3,0.05,0.25,0.5,0.8835,0.9958,0.9844,0.0547,0.7868,0.8749,0.9546,0.8749
0.3,0.08,0.0,0.2,0.7352,0.9954,0.9748,0.0507,0.5731,0.8866,1.0042,0.7352
0.3,0.08,0.0,0.5,0.7343,0.9984,0.9784,0.0507,0.6726,0.9193,1.0022,0.7343
0.3,0.08,0.15,0.2,0.7223,0.986,0.9643,0.0442,0.3923,0.7131,1.1004,0.7131
0.3,0.08,0.15,0.5,0.7213,0.9857,0.9672,0.0442,0.4928,0.7448,1.0677,0.7213
0.3,0.08,0.25,0.2,0.7352,0.9896,0.9711,0.0507,0.4995,0.8136,1.0074,0.7352
0.3,0.08,0.25,0.5,0.7343,0.9921,0.9738,0.0507,0.6138,0.8466,0.9682,0.7343
0.3,0.1,0.0,0.2,0.7358,0.9954,0.9741,0.0507,0.5427,0.8849,1.0045,0.7358
0.3,0.1,0.0,0.5,0.7358,0.9969,0.9777,0.0507,0.6481,0.9268,1.0026,0.7358
0.3,0.1,0.15,0.2,0.7229,0.9856,0.9636,0.0442,0.3479,0.7155,1.099,0.7155
0.3,0.1,0.15,0.5,0.7229,0.9865,0.9653,0.0442,0.4163,0.7484,1.0656,0.7229
0.3,0.1,0.25,0.2,0.7358,0.9895,0.9708,0.0507,0.4596,0.8045,1.0102,0.7358
0.3,0.1,0.25,0.5,0.7358,0.9923,0.9735,0.0507,0.5734,0.8578,0.9721,0.7358
0.3,0.15,0.0,0.2,0.7358,0.9958,0.9723,0.0507,0.4709,0.8641,1.0053,0.7358
0.3,0.15,0.0,0.5,0.7358,0.9967,0.9743,0.0507,0.5519,0.9056,1.004,0.7358
0.3,0.15,0.15,0.2,0.7229,0.9832,0.9622,0.0442,0.2744,0.6927,1.1304,0.6927
0.3,0.15,0.15,0.5,0.7229,0.9832,0.9622,0.0442,0.2744,0.697,1.1304,0.697
0.3,0.15,0.25,0.2,0.7358,0.9879,0.9692,0.0507,0.3863,0.7908,1.038,0.7358
0.3,0.15,0.25,0.5,0.7358,0.9872,0.9706,0.0507,0.4703,0.8613,1.0153,0.7358
0.3,0.2,0.0,0.2,0.7358,0.9944,0.9719,0.0507,0.4277,0.8486,1.0058,0.7358
0.3,0.2,0.0,0.5,0.7358,0.9944,0.9732,0.0507,0.4998,0.8757,1.0049,0.7358
0.3,0.2,0.15,0.2,0.7229,0.9832,0.9622,0.0442,0.2744,0.6897,1.1304,0.6897
0.3,0.2,0.15,0.5,0.7229,0.9832,0.9622,0.0442,0.2744,0.6897,1.1304,0.6897
0.3,0.2,0.25,0.2,0.7358,0.9879,0.9689,0.0507,0.3645,0.7911,1.0408,0.7358
0.3,0.2,0.25,0.5,0.7358,0.9872,0.9697,0.0507,0.4408,0.8607,1.0223,0.7358
0.4,0.03,0.0,0.2,0.8624,0.9992,0.9888,0.0291,0.792,0.9656,1.0002,0.8624
0.4,0.03,0.0,0.5,0.9281,1.0,0.9941,0.0291,0.8978,0.9803,1.0001,0.9281
0.4,0.03,0.15,0.2,0.8492,0.9886,0.978,0.0282,0.6106,0.8056,1.0588,0.8056
0.4,0.03,0.15,0.5,0.8911,0.9886,0.9849,0.0282,0.7207,0.8523,1.0421,0.8523
0.4,0.03,0.25,0.2,0.8624,0.9975,0.9858,0.0291,0.7251,0.8901,0.9656,0.8624
0.4,0.03,0.25,0.5,0.9281,0.9991,0.9919,0.0291,0.8019,0.9113,0.9504,0.9113
0.4,0.05,0.0,0.2,0.8434,0.9993,0.9866,0.0291,0.7478,0.9431,1.0004,0.8434
0.4,0.05,0.0,0.5,0.9045,1.0,0.992,0.0291,0.8667,0.9744,1.0001,0.9045
0.4,0.05,0.15,0.2,0.8304,0.9886,0.9752,0.0282,0.5599,0.7516,1.0654,0.7516
0.4,0.05,0.15,0.5,0.8782,0.9887,0.981,0.0282,0.6715,0.8015,1.0383,0.8015
0.4,0.05,0.25,0.2,0.8434,0.9965,0.9835,0.0291,0.6783,0.8541,0.98,0.8434
0.4,0.05,0.25,0.5,0.9045,0.9993,0.9894,0.0291,0.7987,0.8889,0.9546,0.8889
0.4,0.08,0.0,0.2,0.7841,0.9987,0.9828,0.0291,0.6369,0.9147,1.0005,0.7841
0.4,0.08,0.0,0.5,0.7832,0.9999,0.9855,0.0291,0.7217,0.9401,1.0003,0.7832
0.4,0.08,0.15,0.2,0.7694,0.9886,0.9714,0.0282,0.4268,0.7397,1.0952,0.7397
0.4,0.08,0.15,0.5,0.7685,0.9886,0.9737,0.0282,0.5124,0.7741,1.0638,0.7685
0.4,0.08,0.25,0.2,0.7841,0.9963,0.9795,0.0291,0.555,0.835,1.0037,0.7841
0.4,0.08,0.25,0.5,0.7832,0.9979,0.9821,0.0291,0.6734,0.8727,0.9666,0.7832
0.4,0.1,0.0,0.2,0.7847,0.9987,0.9823,0.0291,0.6074,0.9161,1.0006,0.7847
0.4,0.1,0.0,0.5,0.7847,0.9997,0.985,0.0291,0.7038,0.9457,1.0003,0.7847
0.4,0.1,0.15,0.2,0.7699,0.9886,0.9709,0.0282,0.3961,0.7376,1.0937,0.7376
0.4,0.1,0.15,0.5,0.7699,0.9886,0.9722,0.0282,0.469,0.7691,1.0616,0.7691
0.4,0.1,0.25,0.2,0.7847,0.996,0.9791,0.0291,0.5127,0.8333,1.0063,0.7847
0.4,0.1,0.25,0.5,0.7847,0.9979,0.9814,0.0291,0.6328,0.8881,0.9701,0.7847
0.4,0.15,0.0,0.2,0.7847,0.9987,0.9811,0.0291,0.5417,0.8992,1.0007,0.7847
0.4,0.15,0.0,0.5,0.7847,0.999,0.9828,0.0291,0.6256,0.9297,1.0005,0.7847
0.4,0.15,0.15,0.2,0.7699,0.9886,0.9698,0.0282,0.3204,0.7155,1.1242,0.7155
0.4,0.15,0.15,0.5,0.7699,0.9886,0.9698,0.0282,0.3204,0.7191,1.1242,0.7191
0.4,0.15,0.25,0.2,0.7847,0.9965,0.978,0.0291,0.4364,0.8129,1.0332,0.7847
0.4,0.15,0.25,0.5,0.7847,0.9957,0.9796,0.0291,0.5237,0.8692,1.0116,0.7847
0.4,0.2,0.0,0.2,0.7847,0.9987,0.9807,0.0291,0.4941,0.8962,1.0007,0.7847
0.4,0.2,0.0,0.5,0.7847,0.9987,0.9817,0.0291,0.5658,0.9578,1.0006,0.7847
0.4,0.2,0.15,0.2,0.7699,0.9886,0.9698,0.0282,0.3204,0.713,1.1242,0.713
0.4,0.2,0.15,0.5,0.7699,0.9886,0.9698,0.0282,0.3204,0.713,1.1242,0.713
0.4,0.2,0.25,0.2,0.7847,0.9965,0.9778,0.0291,0.4256,0.8158,1.0359,0.7847
0.4,0.2,0.25,0.5,0.7847,0.9965,0.979,0.0291,0.5135,0.8849,1.0182,0.7847
0.6,0.03,0.0,0.2,0.9173,1.0,0.9951,0.0,0.8487,0.9804,1.0,0.9173
0.6,0.03,0.0,0.5,0.9575,1.0,0.9977,0.0,0.9317,0.9879,1.0,0.9575
0.6,0.03,0.15,0.2,0.8562,0.9886,0.9838,0.0,0.6366,0.8075,1.1234,0.8075
0.6,0.03,0.15,0.5,0.8844,0.9886,0.987,0.0,0.6891,0.8356,1.1234,0.8356
0.6,0.03,0.25,0.2,0.9173,1.0,0.992,0.0,0.7552,0.8969,1.0468,0.8969
0.6,0.03,0.25,0.5,0.9388,1.0,0.9946,0.0,0.8296,0.9038,1.0468,0.9038
0.6,0.05,0.0,0.2,0.9048,1.0,0.9941,0.0,0.8177,0.9697,1.0,0.9048
0.6,0.05,0.0,0.5,0.9453,1.0,0.9967,0.0,0.9174,0.9824,1.0,0.9453
0.6,0.05,0.15,0.2,0.8228,0.9886,0.9814,0.0,0.5886,0.7717,1.1234,0.7717
0.6,0.05,0.15,0.5,0.8214,0.9878,0.9836,0.0,0.6592,0.803,1.1234,0.803
0.6,0.05,0.25,0.2,0.9048,1.0,0.9905,0.0,0.7166,0.877,1.0468,0.877
0.6,0.05,0.25,0.5,0.9236,1.0,0.9929,0.0,0.8212,0.8936,1.0468,0.8936
0.6,0.08,0.0,0.2,0.8628,1.0,0.9923,0.0,0.7192,0.9574,1.0,0.8628
0.6,0.08,0.0,0.5,0.862,1.0,0.9936,0.0,0.7913,0.9692,1.0,0.862
0.6,0.08,0.15,0.2,0.8246,0.9886,0.9795,0.0,0.4831,0.7746,1.1234,0.7746
0.6,0.08,0.15,0.5,0.8246,0.9886,0.9799,0.0,0.5496,0.7996,1.1234,0.7996
0.6,0.08,0.25,0.2,0.8628,1.0,0.9885,0.0,0.5927,0.8694,1.0468,0.8628
0.6,0.08,0.25,0.5,0.862,1.0,0.9894,0.0,0.672,0.8936,1.0468,0.862
0.6,0.1,0.0,0.2,0.8633,1.0,0.9919,0.0,0.6946,0.9594,1.0,0.8633
0.6,0.1,0.0,0.5,0.8633,1.0,0.9932,0.0,0.7778,0.973,1.0,0.8633
0.6,0.1,0.15,0.2,0.8259,0.9886,0.9794,0.0,0.4735,0.7624,1.1234,0.7624
0.6,0.1,0.15,0.5,0.8278,0.9886,0.9799,0.0,0.5466,0.7759,1.1234,0.7759
0.6,0.1,0.25,0.2,0.8633,1.0,0.9883,0.0,0.5672,0.8689,1.0468,0.8633
0.6,0.1,0.25,0.5,0.8633,1.0,0.9893,0.0,0.6483,0.9072,1.0468,0.8633
0.6,0.15,0.0,0.2,0.8633,1.0,0.9915,0.0,0.6326,0.9451,1.0,0.8633
0.6,0.15,0.0,0.5,0.8633,1.0,0.9925,0.0,0.7183,0.9668,1.0,0.8633
0.6,0.15,0.15,0.2,0.8244,0.9886,0.979,0.0,0.3897,0.7571,1.1234,0.7571
0.6,0.15,0.15,0.5,0.8244,0.9886,0.979,0.0,0.3897,0.761,1.1234,0.761
0.6,0.15,0.25,0.2,0.8633,1.0,0.988,0.0,0.5059,0.8551,1.0468,0.8551
0.6,0.15,0.25,0.5,0.8633,1.0,0.9889,0.0,0.5744,0.901,1.0468,0.8633
0.6,0.2,0.0,0.2,0.8633,1.0,0.9911,0.0,0.5835,0.9405,1.0,0.8633
0.6,0.2,0.0,0.5,0.8633,1.0,0.9917,0.0,0.6519,0.9835,1.0,0.8633
0.6,0.2,0.15,0.2,0.8244,0.9886,0.979,0.0,0.3897,0.7544,1.1234,0.7544
0.6,0.2,0.15,0.5,0.8244,0.9886,0.979,0.0,0.3897,0.7544,1.1234,0.7544
0.6,0.2,0.25,0.2,0.8633,1.0,0.9879,0.0,0.4878,0.8567,1.0468,0.8567
0.6,0.2,0.25,0.5,0.8633,1.0,0.9886,0.0,0.5495,0.9072,1.0468,0.8633
