timestamp,close
1782086442,127.48500000
1782086502,126.83500000
1782112070,127.47999999
1782124284,126.65290000
1782134907,125.88280000
1782135027,126.93000000
1782135087,125.88510000
1782135177,126.72500000
1782135267,125.60500000
1782135507,126.68000000
1782135747,127.32499999
1782135867,128.06930000
1782136017,128.75375000
1782136047,128.08445000
1782136527,127.42185000
1782136857,128.08500000
1782137038,127.14245000
1782137728,126.27500000
1782137938,125.54499999
1782138418,124.90500000
1782138568,124.26950000
1782139739,123.59000000
1782140098,122.81775000
1782143880,122.13000000
1782144390,121.46000000
1782145171,120.71310000
1782145621,120.07000000
1782146611,120.80500000
1782149852,120.16860000
1782150962,120.78999999
1782154413,120.05000000
1782155463,119.42500000
1782181421,118.79500000
1782185503,118.15000000
1782192945,117.50500000
1782198586,118.11500000
1782201677,117.50489999
1782202128,118.30100000
1782202668,118.94825000
1782205068,118.33750000
1782208969,119.02505000
1782218753,119.76245000
1782219893,120.45140000
1782221183,119.58960000
1782221303,120.33914999
1782221513,119.54500000
1782221603,120.57000000
1782221663,119.65310000
1782221963,120.28500000
1782222473,119.62500000
1782222683,119.94230000
1782223104,120.63540000
1782223404,119.94270000
1782223944,119.25330000
1782224514,118.62500000
1782225251,119.28995000
1782227142,118.69000000
1782237154,118.06980000
1782239945,117.39500000
1782240155,116.79880000
1782247267,116.18095000
1782248468,116.83200000
1782253509,116.20535000
1782270224,115.56000000
1782272145,116.15500000
1782277517,116.86000000
1782288376,116.15955000
1782289186,115.54970000
1782291561,116.14820000
1782294518,115.55055000
1782302007,114.82840000
1782304598,114.21840000
1782306548,113.58090000
1782307839,114.85500000
1782307959,116.22770000
1782308169,116.95000000
1782308769,117.53999999
1782308924,116.39500000
1782309314,117.06500000
1782310430,116.40500000
1782310550,117.13995000
1782310670,116.40145000
1782310940,117.19000000
1782311210,116.32350000
1782312110,115.70315000
1782312351,116.38499999
1782313491,115.74625000
1782313791,115.05895000
1782313911,115.63500000
1782315141,115.05000000
1782315712,114.42245000
1782317157,113.77500000
1782319148,113.20595000
1782322394,112.63080000
1782324770,113.27035000
1782324920,113.88000000
1782327055,113.29835000
1782329876,113.93095000
1782331682,113.33115000
1782331742,112.70780000
1782332402,113.27690000
1782332642,112.66605000
1782335440,113.23065000
1782345489,113.79840000
1782355417,113.22500000
1782376444,112.65845000
1782389426,112.06585000
1782391082,111.44560000
1782394308,110.88000000
1782394338,110.07499999
1782394398,109.48600000
1782394858,108.53980000
1782395578,107.92870000
1782395979,107.17095000
1782396129,107.76000000
1782396219,108.38150000
1782396399,107.82000000
1782397004,107.27140000
1782397274,108.17700000
1782397334,108.72500000
1782397610,108.18000000
1782398660,107.60915000
1782399655,107.03500000
1782400350,106.43500000
1782400801,107.10650000
1782401551,107.66000000
1782402751,107.09780000
1782403896,107.76075000
1782404952,107.21150000
1782406187,107.78230000
1782407178,107.21500000
1782409554,106.66000000
1782410244,107.22000000
1782411839,107.83520000
1782412259,108.39500000
1782413130,107.78500000
1782414945,107.17000000
1782417241,107.80500000
1782417421,107.23950000
1782417696,108.00845000
1782417908,107.45305000
1782429611,108.09785000
1782430366,108.63900000
1782431386,107.88030000
1782440180,107.32499999
1782441920,106.71000000
1782442496,106.14500000
1782446222,106.69000000
1782455090,107.25000000
1782456896,107.90500000
1782459117,108.47500000
1782461883,109.15510000
1782464078,108.38495000
1782466839,108.93195000
1782470425,108.36605000
1782475357,108.99130000
1782478903,108.43335000
1782479683,109.11535000
1782480344,108.42599999
1782480494,109.19795000
1782480644,109.78570000
1782480674,108.67420000
1782480704,109.31500000
1782480794,110.10499999
1782480974,110.67500000
1782482714,111.27895000
1782483985,111.99465000
1782484825,111.41990000
1782484976,112.05740000
1782485791,111.48564999
1782486151,112.06210000
1782487591,112.64500000
1782488012,113.26500000
1782488371,113.87000000
1782489188,113.29500000
1782491863,113.88505000
1782492318,113.20320000
1782494690,112.63499999
1782495920,113.30870000
1782498661,112.69605000
1782501181,113.26590000
1782502907,112.68005000
1782503237,113.26980000
1782503447,111.77000000
1782503507,112.36495000
1782503777,113.06250000
1782504232,112.31480000
1782505013,112.91675000
1782505888,112.31695000
1782691230,113.47500000
1782691350,114.35000000
1782691440,113.59000000
1782703510,114.17500000
1782710773,114.75000000
1782720437,114.06880000
1782721547,115.50420000
1782731255,116.19395000
1782731975,117.21830000
1782735066,117.96575000
1782735822,117.33330000
1782736902,116.68275000
1782738193,117.31970000
1782739698,116.29070000
1782740029,117.31840000
1782740179,116.02695000
1782740298,116.92500000
1782740389,117.52865000
1782740509,118.16000000
1782740839,117.55535000
1782741169,118.54135000
1782741409,117.86500000
1782742374,117.00999999
1782742465,116.39200000
1782742705,117.00390000
1782743185,117.72999999
1782744655,118.38915000
1782744776,118.50000000
1782744956,117.88500000
1782745405,117.28999999
1782745921,116.68600000
1782747301,116.05585000
1782748202,115.46000000
1782751533,114.86000000
1782752583,115.44150000
1782753153,116.15415000
1782753843,116.81500000
1782758525,116.19000000
1782763597,115.52835000
1782768578,116.12310000
1782771939,116.74530000
1782779201,116.15500000
1782792285,116.75500000
1782809421,116.09310000
1782815693,116.71140000
1782820645,116.11015000
1782822745,115.50855000
1782826107,114.90575000
1782826227,115.95000000
1782826317,115.11500000
1782826377,115.80065000
1782826677,115.03999999
1782826947,115.82995000
1782827247,116.44500000
1782827337,115.60499999
1782827517,116.21000000
1782828988,115.45335000
1782829317,116.05000000
1782830128,116.64020000
1782830278,116.02270000
1782831268,115.28500000
1782832799,115.90900000
1782832919,116.50330000
1782833339,117.17115000
1782836700,117.93000000
1782838201,118.53335000
1782841592,117.75680000
1782845853,117.16500000
1782848915,116.57700000
1782852936,117.51950000
1782868360,116.92500000
1782873822,117.53000000
1782893239,118.13115000
1782893809,118.76180000
1782894109,119.41235000
1782895730,118.79585000
1782901312,119.45320000
1782902452,120.06725000
1782903593,119.41720000
1782908845,120.10860000
1782908965,120.81330000
1782909235,120.19840000
1782909325,119.38265000
1782909835,120.14435000
1782912716,120.75000000
1782912746,121.63759999
1782912776,122.35499999
1782912806,121.58000000
1782912926,122.36415000
1782913046,123.45500000
1782913436,124.19870000
1782913496,123.37000000
1782913946,122.65500000
1782914036,123.52500000
1782914306,124.27500000
1782914666,125.23000000
1782914937,124.49000000
1782915207,125.14935000
1782916437,124.49000000
1782916737,125.47685000
1782916917,126.14869999
1782917247,127.01500000
1782918448,127.70500000
1782919198,127.04940000
1782919708,127.71285000
1782920038,126.89500000
1782920668,127.59000000
1782922259,126.86500000
1782922774,126.22000000
1782923500,126.85765000
1782928421,127.52500000
1782930432,128.16910000
1782931662,127.38955000
1782933852,126.72515000
1782935623,126.09000000
1782936073,125.43175000
1782936163,124.69105000
1782936343,125.49074999
1782939824,124.85055000
1782955910,125.49500000
1782958521,126.12500000
1782966743,125.44000000
1782975086,124.81000000
1782978297,125.45000000
1782979437,126.10975000
1782980547,126.80305000
1782982798,126.15255000
1782984629,126.89075000
1782985109,127.55550000
1782985439,128.24145000
1782986849,129.43865000
1782987359,130.16045000
1782989310,130.84640000
1782989760,131.61995000
1782990060,130.93475000
1782992045,130.27880000
1782992616,131.05845000
1782993636,130.27860000
1782994056,129.42465000
1782994476,128.77690000
1782994626,128.12615000
1782995106,128.78300000
1782995827,128.08525000
1782996217,129.03000000
1782996817,129.72725000
1782997418,130.45030000
1782998077,129.67290000
1782998828,128.92285000
1782999068,129.95000000
1782999128,130.97735000
1782999398,131.69775000
1782999488,132.50500000
1782999848,131.80000000
1782999908,132.73000000
1782999939,131.87670000
1783000028,131.12125000
1783000448,130.28500000
1783000809,131.22500000
1783001019,131.93055000
1783001439,131.07195000
1783001589,131.78000000
1783002040,131.09500000
1783002339,130.25635000
1783002490,129.45000000
1783002669,130.41000000
1783003030,131.31500000
1783003360,130.29500000
1783004020,129.53110000
1783004710,128.86500000
1783005190,129.52160000
1783005971,128.86155000
1783006571,129.55000000
1783008072,128.89690000
1783008883,129.68025000
1783011163,130.39325000
1783012424,131.06000000
1783012904,131.98000000
1783013835,131.20499999
1783015635,131.91755000
1783016175,131.21580000
1783017436,130.55940000
1783019866,129.60000000
1783021577,130.31050000
1783021998,129.62000000
1783022537,128.87595000
1783026289,129.52500000
1783296024,130.89999999
1783297734,130.24000000
1783299655,129.53500000
1783301005,128.69000000
1783325012,129.41950000
1783332935,130.08945000
1783337556,129.35840000
1783339027,128.69030000
1783340947,128.04190000
1783344518,127.04745000
1783344639,128.85500000
1783344788,129.56055000
1783344849,130.37675000
1783344939,129.59080000
1783345089,130.51920000
1783345449,131.21500000
1783345869,132.57500000
1783345989,131.86500000
1783346409,131.18500000
1783347549,130.44000000
1783348330,131.22590000
1783349140,130.39499999
1783350460,131.17500000
1783350670,131.99500000
1783350971,132.66465000
1783352591,133.40500000
1783359343,132.73500000
1783359943,132.04170000
1783363724,132.71440000
1783367506,131.89565000
1783367926,132.65490000
1783373748,133.32710000
1783382450,132.61997838
1783402647,133.40500000
1783412040,134.10030000
1783415131,134.77760000
1783424704,135.45265000
1783426282,134.58180000
1783430893,133.88910000
1783431044,133.18690000
1783431133,134.31575000
1783431554,133.43040000
1783431974,134.23000000
1783432904,133.49500000
1783433174,134.20999999
1783433594,133.42500000
1783433684,132.54990000
1783433714,131.88320000
1783433834,132.80955000
1783433924,133.59000000
1783434194,132.85500000
1783434404,132.15500000
1783434525,132.84500000
1783434705,133.78765000
1783435785,133.09500000
1783436145,134.20940000
1783436745,135.07500000
1783437345,134.36000000
1783437465,135.06000000
1783438095,135.74845000
1783442597,136.62445000
1783443587,137.44500000
1783446108,138.49000000
1783450189,137.57775000
1783450609,136.81465000
1783451750,136.03500000
1783452380,135.31940000
1783453670,134.51000000
1783472427,133.76999999
1783474197,132.97500000
1783474737,132.20499999
1783478668,132.97500000
1783490372,133.66500000
1783498625,132.89300000
1783499075,132.18150000
1783499165,131.40560000
1783499585,130.72865000
1783500035,129.84410000
1783500395,130.49705000
1783502015,129.81640000
1783506847,130.46695000
1783509128,129.69005000
1783510586,130.48270000
1783513826,131.21445000
1783516167,130.53275000
1783516978,129.87565000
1783517278,128.90950000
1783517428,129.94000000
1783517638,128.53000000
1783517668,129.23415000
1783517758,128.08499999
1783517848,127.23500000
1783518058,128.11915000
1783518418,128.91205000
1783518568,128.14950000
1783518748,127.44500000
1783519318,128.31630000
1783519408,127.67000000
1783519588,128.55500000
1783520369,127.77530000
1783520519,128.42105000
1783526551,129.12500000
1783531322,129.84935000
1783535853,130.52380000
1783538914,131.20995000
1783539394,131.88000000
1783540295,131.11005000
1783540535,131.86000000
1783550725,131.15755000
1783555976,131.85000000
1783571466,132.60500000
1783573267,133.35000000
1783575157,132.64499999
1783576838,133.33999999
1783580409,132.61000000
1783582450,131.90500000
1783584401,131.14005000
1783586561,130.44880000
1783595234,129.78715000
1783596674,129.10320000
1783599465,128.44485000
1783603696,127.44480000
1783603936,126.22000000
1783604057,127.02500000
1783604747,127.82500000
1783604807,127.00000000
1783605167,127.63540000
1783605617,128.35395000
1783606247,127.64590000
1783606577,126.93865000
1783606697,126.17730000
1783606847,125.53000000
1783607988,126.20390000
1783608618,125.53500000
1783609368,126.19000000
1783610839,126.84210000
1783611529,127.51110000
1783612639,126.82280000
1783616900,127.49500000
1783618178,128.14000000
1783626045,128.81000000
1783643653,128.11000000
1783648184,128.75500000
1783670558,129.76145000
1783670798,130.52275000
1783681361,129.83965000
1783685653,130.52910000
1783690004,131.25620000
1783690094,132.11095000
1783690304,131.42560000
1783690455,130.64825000
1783690544,129.97000000
1783690934,129.28160000
1783691684,128.42000000
1783691745,127.76500000
1783692075,127.06500000
1783692165,127.76975000
1783693095,128.55500000
1783693245,127.84000000
1783693425,127.17090000
1783694025,126.53000000
1783698682,127.16495000
1783702853,127.86525000
1783703483,127.16500000
1783704564,126.50500000
1783713296,127.21500000
1783714557,126.56140000
1783900834,126.55000000
1783904466,125.87000000
1783919800,126.50000000
1783926197,127.17500000
1783929828,127.83540000
1783935920,127.11765000
1783937540,127.77090000
1783942462,127.10180000
1783949424,128.22500000
1783949484,129.14499999
1783949604,127.60540000
1783949694,126.88000000
1783949814,127.64640000
1783949994,128.39195000
1783950204,127.70795000
1783950414,128.48000000
1783950534,127.67500000
1783950685,126.96500000
1783951825,127.91745000
1783952127,128.67090000
1783952246,127.78600000
1783952875,128.43280000
1783952936,129.08690000
1783953387,128.40500000
1783953926,127.68900000
1783954166,128.36570000
1783955426,129.11050000
1783956298,129.87935000
1783961699,129.20000000
1783961909,129.92715000
1783962659,130.64999999
1783963499,129.98530000
1783963799,129.31720000
1783964459,128.58500000
1783965749,129.30000000
1783968210,129.97500000
1783969951,129.25500000
1783970851,128.54500000
1783971271,127.84365000
1783971811,128.50900000
1783972471,129.47300000
1783972771,130.12500000
1783973822,129.46010000
1783985435,128.81145000
1784007199,129.47000000
1784013171,128.82000000
1784015122,128.14000000
1784026968,127.47310000
1784027359,126.60100000
1784027509,125.91140000
1784028589,125.12620000
1784029249,124.34845000
1784029819,123.68495000
1784030509,124.33255000
1784030720,123.66875000
1784031140,122.87415000
1784031260,123.57695000
1784032250,124.55785000
1784032430,123.80215000
1784032700,123.12350000
1784033361,123.88145000
1784033510,123.24875000
1784035821,124.55500000
1784035971,123.31695000
1784036091,124.66000000
1784036211,125.35905000
1784036541,126.20165000
1784036751,127.52500000
1784036961,128.43475000
1784037112,129.10545000
1784037292,129.89499999
1784037472,131.15675000
1784037802,130.42520000
1784038192,131.27500000
1784038552,132.23500000
1784038822,131.42500000
1784039542,132.12345000
1784040563,132.78500000
1784040893,133.55835000
1784042093,132.86500000
1784042873,132.17475000
1784043444,131.48000000
1784045394,132.16000000
1784046385,132.93530000
1784046625,133.66000000
1784050436,134.35500000
1784051486,135.22000000
1784055958,134.51235000
1784057548,133.83440000
1784073973,132.43000000
1784074183,133.28500000
1784077004,134.09000000
1784077154,133.32000000
1784091618,134.15500000
1784091979,133.48000000
1784096540,132.79000000
1784103292,133.53160000
1784103502,134.24735000
1784104102,134.97120000
1784104553,134.27275000
1784108604,133.47015000
1784111472,134.30465000
1784117204,133.53940000
1784119094,134.28305000
1784119904,135.12955000
1784121915,134.32350000
1784122245,136.12395000
1784122605,135.21680000
1784122875,134.53500000
1784123145,133.69000000
1784125186,134.51785000
1784126447,133.80910000
1784127376,133.03500000
1784127526,133.70430000
1784128217,134.42000000
1784129177,133.74500000
1784129927,134.56380000
1784130948,135.39499999
1784131157,134.63145000
1784131577,133.57840000
1784182174,134.29500000
1784189586,135.06120000
1784202641,134.36200000
1784204802,133.63505000
1784208433,132.90590000
1784208703,131.78600000
1784208763,130.48740000
1784209063,131.19500000
1784209153,130.20499999
1784209213,129.46050000
1784209994,130.29865000
1784210144,129.45490000
1784210234,130.21500000
1784210564,131.17005000
1784212304,131.85000000
1784212724,132.54415000
1784217226,133.24800000
1784218996,132.54000000
1784219506,133.49585000
1784221007,134.17000000
1784221577,133.42000000
1784225358,134.12485000
1784231540,134.85000000
1784232170,134.03085000
1784241323,133.29080000
1784244414,132.59435000
1784248646,131.91500000
1784249983,132.57999999
1784252655,131.85000000
1784253435,131.12000000
1784258056,131.80500000
1784262077,131.11000000
1784267749,130.35500000
1784269040,131.16500000
1784272672,131.87000000
1784275463,131.15325000
1784276213,130.45255000
1784289597,131.20775000
1784291398,130.49155000
1784293919,129.81000000
1784294849,130.57140000
1784294969,131.24400000
1784295329,130.41500000
1784295359,129.65500000
1784295539,130.43500000
1784295869,129.60240000
1784296229,130.74000000
1784297490,131.54930000
1784298030,132.24330000
1784301481,131.53000000
1784305682,132.47715000
1784306912,133.19555000
1784307692,133.94125000
1784309643,134.69270000
1784311654,133.99540000
1784313244,133.26999999
1784313814,132.57999999
1784314595,133.24500000
1784315435,132.47985000
1784316335,131.73000000
1784316666,132.39000000
1784318796,131.69235000
1784505630,131.81500000
1784537801,131.13535000
1784550615,130.10805000
1784554096,131.36580000
1784554216,132.15710000
1784554276,133.26999999
1784554666,134.05770000
1784554726,134.93985000
1784555237,134.05150000
1784555477,133.26585000
1784557299,132.54000000
1784558470,133.26345000
1784559970,132.41005000
1784560917,133.07999999
1784562838,133.83000000
1784563558,134.55000000
1784564428,135.48540000
1784566439,134.79500000
1784568630,135.55500000
1784570550,136.38500000
1784573101,135.68000000
1784576462,136.35945000
1784577032,135.64995000
1784577572,134.95499999
1784578203,134.21635000
1784632685,133.50320000
1784640629,134.37500000
1784640659,133.15025000
1784640689,132.45710000
1784640719,131.76999999
1784640779,132.45999999
1784640809,133.94405000
1784640869,133.23515000
1784640959,133.98000000
1784641259,133.16295000
1784641379,133.92250000
1784646337,133.24000000
1784648498,133.91655000
1784650688,133.16580000
1784654139,132.47385000
1784657261,133.15000000
1784664193,132.48385000
1784673196,131.81875000
1784697113,132.48000000
1784717418,133.26355000
1784720629,132.46350000
1784726902,131.75700000
1784727022,130.99485000
1784727082,129.49695000
1784727562,128.55500000
1784727622,127.79499999
1784727952,128.56000000
1784728132,127.56500000
1784728852,128.23000000
1784729392,127.54500000
1784731313,126.81000000
1784734524,126.17000000
1784735365,126.81430000
1784738215,126.10930000
1784740646,125.47000000
1784741306,124.66480000
1784742777,123.99560000
1784748601,124.71500000
1784749081,124.08500000
1784751092,124.81145000
1784751872,125.56145000
1784753133,124.90600000
1784767148,125.54499999
1784790754,124.91000000
1784795735,125.55540000
1784801619,124.85505000
1784802669,125.63380000
1784804740,126.34215000
1784806661,125.64115000
1784813280,126.27165000
1784813430,125.29500000
1784813460,124.27500000
1784813519,123.14775000
1784813790,122.16000000
1784814150,123.10670000
1784814210,123.83405000
1784816401,123.19550000
1784817721,122.52010000
1784817991,121.86120000
1784819011,121.16500000
1784822528,121.80500000
1784832611,122.43000000
1784836542,123.25125000
1784845155,122.62320000
1784856919,123.29499999
1784861870,122.65500000
1784877055,123.27000000
1784877925,123.93000000
1784880206,124.63745000
1784896892,123.49445000
1784896952,124.82790000
1784898003,124.14205000
1784899683,124.93830000
1784899893,124.31000000
1784899953,123.23280000
1784900133,124.14000000
1784900373,123.33500000
1784901123,122.50500000
1784903014,123.14000000
1784905204,123.77775000
1784911716,123.13235000
1784915917,123.77605000
1784918949,124.39500000
1784921199,123.76130000
1784922700,123.06035000
1785110438,123.02500000
1785110527,123.68000000
1785131804,124.30000000
1785141107,125.03460000
1785157839,125.66780000
1785159057,127.12160000
1785159087,126.09500000
1785159267,125.41950000
1785159327,126.18500000
1785159387,127.12500000
1785159507,128.09500000
1785160077,127.34500000
1785160323,128.03500000
1785161523,127.30000000
1785161733,127.98500000
1785162183,127.25385000
1785163383,126.61000000
1785164044,127.26295000
1785165154,128.09750000
1785165544,128.82500000
1785165995,129.57180000
1785169716,130.37125000
1785172507,131.11500000
1785172987,131.87520000
1785176378,131.19085000
1785178448,131.86240000
1785181629,130.92105000
1785182380,131.62500000
1785190482,130.89730000
1785201316,130.19000000
1785208729,130.85500000
1785213590,131.51000000
1785225804,132.32085000
1785228359,131.64800000
1785234660,130.41360000
1785234721,129.57385000
1785235176,128.51210000
1785235236,127.44375000
1785235386,128.10145000
1785236346,127.34280000
1785236436,128.10565000
1785236766,127.43850000
1785237457,128.29625000
1785238117,127.61815000
1785239137,126.79160000
1785239647,126.07305000
1785241088,126.72960000
1785242078,125.94695000
1785242498,126.78745000
1785245229,125.84550000
1785245289,124.77410000
1785245379,125.59115000
1785245439,126.49485000
1785245469,125.62500000
1785245499,124.60020000
1785245679,123.27065000
1785245769,123.92730000
1785245949,123.27500000
1785246009,122.45320000
1785246159,121.74030000
1785246219,120.81815000
1785246369,120.19300000
1785246549,119.57015000
1785246789,118.90050000
1785246849,118.11860000
1785247239,118.89105000
1785247359,119.53500000
1785247569,120.28045000
1785247719,119.58450000
1785247870,120.28310000
1785248169,119.58500000
1785248410,118.86980000
1785248530,119.74235000
1785248590,119.13499999
1785249370,120.00140000
1785249490,119.28770000
1785249820,119.94500000
1785250270,120.67500000
1785250570,121.28820000
1785250750,120.66000000
1785251200,121.85240000
1785251591,122.62500000
1785251921,123.27000000
1785252731,123.90930000
1785257473,124.53000000
1785261944,123.85065000
1785263414,123.20000000
1785265455,123.82995000
1785265905,123.20500000
1785268247,122.57010000
1785268546,123.22560000
1785276379,123.85145000
1785277459,123.11980000
1785281360,123.75695000
1785283311,124.46000000
1785284781,123.74000000
1785290123,122.99000000
1785297325,122.14500000
1785298166,122.77500000
1785300146,123.39500000
1785300416,124.10000000
1785305128,123.38999999
1785305998,124.05500000
1785310019,124.69500000
1785316021,123.68605000
1785318122,122.89240000
1785321063,123.51665000
1785322863,124.15020000
1785327575,123.52870000
1785331836,124.43685000
1785332136,125.26275000
1785332256,124.13499999
1785332406,125.01850000
1785332586,124.29500000
1785332856,123.59000000
1785332946,124.30285000
1785333156,123.32100000
1785333997,124.25999999
1785334057,123.56000000
1785334417,122.87500000
1785334747,123.75300000
1785335707,124.42430000
1785336067,123.78905000
1785336997,124.41499999
1785337748,125.11734999
1785337928,124.49000000
1785340808,125.28180000
1785341139,124.59500000
1785344650,125.22730000
1785348101,125.90500000
1785349751,125.19990000
1785349872,125.86165000
1785350712,126.58500000
1785351732,127.23500000
1785351882,126.42515000
1785352242,125.56500000
1785352873,124.88000000
1785353203,124.10090000
1785353953,123.30000000
1785354463,122.63000000
1785354673,123.25155000
1785355333,122.62380000
1785355483,121.74300000
1785356414,121.10790000
1785361815,120.42100000
1785362476,121.21855000
1785362656,121.82650000
1785363646,122.52845000
1785365777,121.91425000
1785367427,122.55830000
1785369978,123.18500000
1785403048,122.56890000
1785406619,121.95585000
1785409350,121.21035000
1785409980,121.82065000
1785411541,122.44555000
1785412801,121.74150000
1785418143,121.06290000
1785418533,121.83500000
1785418653,121.04685000
1785418953,121.83830000
1785419043,122.87495000
1785420033,122.22000000
1785420393,121.57500000
1785421504,120.77500000
1785421924,121.41000000
1785424265,120.77500000
1785425705,121.40235000
1785426395,122.03945000
1785426786,121.40445000
1785428136,122.07025000
1785429126,121.42000000
1785431347,122.08335000
1785445421,122.70485000
1785448302,123.32960000
1785496227,122.66275000
1785503717,125.31210000
1785503747,124.06600000
1785503867,123.24525000
1785504347,122.56200000
1785504647,121.91499999
1785504677,121.06500000
1785504707,122.50500000
1785504947,123.12500000
1785505007,122.28860000
1785505487,123.04790000
1785506448,122.26430000
1785506688,121.61500000
1785507258,120.98320000
1785507408,120.00500000
1785507738,120.67000000
1785507888,119.96280000
1785508128,120.57735000
1785508998,119.96380000
1785510289,120.65545000
1785510589,120.03715000
1785510979,120.65000000
1785513079,121.42500000
1785513890,122.09055000
1785518721,122.77770000
1785521332,122.16000000
1785525563,122.83500000
1785715250,123.85499999
1785715431,124.49500000
1785715550,125.18000000
1785715790,125.88499999
1785716210,125.11500000
1785718821,124.41499999
1785724103,125.04500000
1785745260,125.78935000
1785749028,126.57840000
1785751759,127.39545000
1785753649,126.74320000
1785755330,126.08080000
1785761601,126.71635000
1785763822,125.38840000
1785763912,124.42285000
1785764152,125.21310000
1785764542,126.35499999
1785764873,125.70035000
1785765353,126.61505000
1785766223,125.74925000
1785766403,124.98500000
1785769344,125.62000000
1785769494,124.94000000
1785773845,125.59200000
1785775856,124.91499999
1785777206,125.56000000
1785784949,126.19000000
1785785879,125.54500000
1785786569,126.32460000
1785786990,125.63570000
1785787320,127.22445000
1785787380,126.54840000
1785787530,129.79465000
1785787560,133.39415000
1785787590,134.74285000
1785787650,135.85255000
1785787680,134.71995000
1785787710,135.76500000
1785787740,136.62810000
1785787770,135.85440000
1785787920,134.37750000
1785787950,135.26070000
1785788040,133.58220000
1785788130,134.95460000
1785788250,136.30845000
1785788460,137.18915000
1785788760,137.96575000
1785789570,138.76165000
1785789900,139.72735000
1785790020,140.43785000
1785790111,141.14780000
1785790260,142.01400000
1785790530,142.83180000
1785790621,141.96310000
1785790711,141.23580000
1785791371,139.90270000
1785791431,139.17555000
1785791911,140.33965000
1785792121,139.62495000
1785792181,138.84270000
1785792691,139.69620000
1785792841,140.50675000
1785793772,139.48685000
1785794102,140.22825000
1785794582,141.00715000
1785795182,141.84570000
1785795722,142.57740000
1785796173,143.62835000
1785796233,144.44145000
1785796652,143.64255000
1785799594,142.85760000
1785800764,143.59445000
1785800884,144.37190000
1785802085,143.63500000
1785803555,142.73000000
1785804275,143.47000000
1785805385,142.69000000
1785807996,143.45499999
1785815769,144.26500000
1785823091,145.09500000
1785826932,145.89000000
1785827323,144.95499999
1785830593,146.21020000
1785830714,145.40990000
1785831043,144.61860000
1785831164,145.47965000
1785833204,144.73835000
1785833775,145.59490000
1785834225,146.70110000
1785836206,145.92520000
1785836536,146.67015000
1785837796,147.44990000
1785838126,146.66840000
1785839116,145.87160000
1785839326,146.62845000
1785839687,145.88955000
1785841457,145.08345000
1785841967,144.21320000
1785842507,143.29115000
1785842597,144.33895000
1785845598,145.30780000
1785847339,144.53920000
1785847940,145.73150000
1785849050,146.80155000
1785849170,145.91565000
1785849440,145.08360000
1785849920,143.80620000
1785850010,144.63150000
1785850250,146.43000000
1785850280,149.01605000
1785850340,147.20895000
1785850370,148.19500000
1785850490,149.17925000
1785850520,150.29690000
1785850580,151.06000000
1785851030,151.87845000
1785851090,150.86000000
1785851541,151.82735000
1785851900,152.86390000
1785851960,153.76999999
1785852231,152.93795000
1785852471,153.80115000
1785852621,154.64000000
1785853041,155.48000000
1785853161,156.53500000
1785853581,157.41605000
1785854091,158.43080000
1785854181,157.50500000
1785854451,158.48260000
1785854541,159.37500000
1785855562,158.22000000
1785856462,159.16605000
1785856672,158.31000000
1785857062,159.15615000
1785859013,157.98820000
1785859313,158.84100000
1785859643,159.63940000
1785860063,160.48500000
1785861384,161.41000000
1785862014,162.58390000
1785864805,161.60535000
1785865135,162.51729999
1785865585,163.45999999
1785866485,164.37445000
1785866966,163.49675000
1785868076,162.54085000
1785869366,163.44675000
1785871707,162.62000000
1785873987,161.68585000
1785874407,160.87660000
1785880590,160.04625000
1785893134,159.21499999
1785901417,160.06500000
1785917111,159.23385000
1785921613,158.41980000
1785922663,159.21220000
1785925694,160.06505000
1785927644,161.29810000
1785928154,162.39425000
1785928424,161.50015000
1785930615,162.34635000
1785931875,163.23960000
1785935357,162.32365000
1785936317,161.24105000
1785936527,162.08575000
1785936677,163.28500000
1785936707,165.01000000
1785936917,163.96000000
1785937127,164.93745000
1785937217,165.76999999
1785937457,164.64999999
1785937517,165.59500000
1785937577,164.74000000
1785937727,163.58500000
1785938057,162.73000000
1785938147,161.91000000
1785939138,163.02350000
1785939348,162.18270000
1785939528,161.36000000
1785939618,160.35260000
1785939798,161.20499999
1785941388,160.36045000
1785941508,161.50950000
1785941658,160.61880000
1785942198,159.80680000
1785943039,158.98500000
1785944059,159.85285000
1785947000,160.93205000
1785948560,160.01145000
1785951681,159.15000000
1785953482,160.14805000
1785954772,159.33500000
1785958524,158.39000000
1785958914,159.27750000
1785959964,158.45000000
1785960474,159.55835000
1785960714,158.62500000
1785961645,157.30160000
1785966148,156.19275000
1785967257,157.01375000
1785970077,157.80295000
1785972058,156.97000000
1785978257,156.12500000
1785982279,156.91500000
1785983659,157.72500000
1785997374,156.88000000
1786003452,155.92505000
1786006153,157.10125000
1786014076,156.25135000
1786014406,155.35640000
1786021668,154.54920000
1786022479,153.73665000
1786022899,155.52260000
1786023019,156.49000000
1786023109,154.60000000
1786023199,153.78500000
1786023529,154.60000000
1786023619,153.76500000
1786024009,152.93500000
1786024399,153.86165000
1786024880,155.32095000
1786025599,156.16880000
1786025840,156.95825000
1786026110,157.75500000
1786026470,156.92310000
1786029609,155.90000000
1786030209,156.79775000
1786032850,155.93365000
1786034050,155.04000000
1786035988,155.98995000
1786042500,155.14000000
1786044781,155.97165000
1786053337,156.75310000
1786062036,155.93000000
1786086169,156.91500000
1786090161,157.85590000
1786091362,156.97360000
1786100485,157.77870000
1786100605,158.67765000
1786109307,159.77010000
1786109457,161.76500000
1786109517,162.91745000
1786109637,163.87000000
1786109997,164.97585000
1786110148,163.62000000
1786110328,164.78500000
1786110598,165.68000000
1786110898,166.87290000
1786110958,167.71499999
1786111048,166.73255000
1786111168,167.72585000
1786111288,168.74000000
1786111558,167.87000000
1786111648,168.85895000
1786111948,167.60795000
1786112188,168.68000000
1786112368,169.78950000
1786112788,170.72500000
1786113329,169.82000000
1786113869,168.89680000
1786114829,170.01170000
1786115519,169.08520000
1786118130,169.93540000
1786122602,170.81005000
1786124372,171.71499999
1786124852,170.79500000
1786128393,169.88900000
1786129804,170.78500000
1786132414,171.65500000
1786320029,171.45999999
1786320359,172.78000000
1786321829,171.90000000
1786338604,172.80000000
1786346166,171.87500000
1786349017,170.69810000
1786349137,169.68630000
1786350668,168.73470000
1786351058,169.60130000
1786363662,168.73355000
1786368373,169.76870000
1786368583,170.68760000
1786368643,173.26500000
1786368703,174.38580000
1786368733,172.86500000
1786368793,174.82980000
1786368883,173.82999999
1786368913,172.92860000
1786369003,174.24485000
1786369363,175.24000000
1786369453,176.38500000
1786370504,175.19995000
1786370924,176.20030000
1786371704,177.15435000
1786372424,178.26820000
1786373085,179.44500000
1786374015,178.54055000
1786374405,177.42750000
1786374525,178.53080000
1786379537,177.37000000
1786384908,176.42880000
1786387189,175.54625000
1786393521,174.60530000
1786395261,173.61380000
1786399643,172.74445000
1786407175,173.63500000
1786427973,172.75000000
1786435444,171.87565000
1786439046,172.81040000
1786445990,173.73910000
1786450882,172.85560000
1786454783,173.72735000
1786455023,175.11680000
1786455053,176.31500000
1786455173,175.12005000
1786455323,174.14500000
1786455503,175.19370000
1786455713,176.24500000
1786455923,174.84335000
1786456343,175.72000000
1786458114,176.62500000
1786459584,177.62650000
1786460604,176.67500000
1786460784,175.64490000
1786462465,174.72000000
1786463125,173.83155000
1786464626,174.76000000
1786465016,173.79000000
1786465526,172.84000000
1786466156,173.70540000
1786466936,174.59500000
1786467867,175.65785000
1786478460,174.69522732
1786483111,173.78150000
1786500697,172.90500000
1786522994,172.03215000
1786525185,172.90915000
1786530286,171.91480000
1786538659,172.77965000
1786539499,171.88005000
1786541299,173.35930000
1786541420,174.35165000
1786541510,172.87500000
1786541720,171.87170000
1786541840,173.03000000
1786542050,170.95999999
1786542770,169.92000000
1786543627,170.77050000
1786544378,169.90500000
1786545338,169.00835000
1786548639,169.87720000
1786551249,170.73965000
1786553200,171.62000000
1786555841,172.51999999
1786559172,171.61970000
1786560223,170.75000000
1786582700,169.88000000
1786608118,170.86930000
1786608658,171.74885000
1786608958,172.61375000
1786609288,171.74950000
1786621712,170.88695000
1786625043,171.77840000
1786627719,172.85875000
1786627838,173.94140000
1786627868,175.23500000
1786627929,173.61265000
1786628289,172.53500000
1786628439,173.68500000
1786628739,174.65500000
1786628889,175.54000000
1786629909,176.52605000
1786631289,175.46000000
1786633090,174.46435000
1786634560,173.53970000
1786635341,174.56735000
1786636301,175.52935000
1786637771,174.63650000
1786640953,175.55995000
1786642723,176.47500000
1786646204,177.51999999
1786646684,178.57000000
1786649865,179.48180000
1786651696,178.38290000
1786669148,177.48000000
1786691475,178.37500000
1786694837,179.29800000
1786695287,178.36850000
1786714132,179.37280000
1786714222,178.42000000
1786714312,179.52815000
1786714672,178.45245000
1786715572,177.53000000
1786715962,178.54895000
1786716112,177.38025000
1786718423,176.29255000
1786721364,177.18500000
1786730996,176.28500000
1786732047,175.38500000
1786735348,174.43500000
1786924837,174.64000000
1786925977,173.71500000
1786929128,174.60000000
1786931229,173.72000000
1786954036,172.80115000
1786966429,173.67925000
1786973391,174.58265000
1786973601,173.63500000
1786973631,172.49650000
1786973721,173.89560000
1786973901,174.85510000
1786974021,173.74500000
1786974531,174.90530000
1786975911,175.91460000
1786976812,175.03500000
1786977202,174.12000000
1786978912,175.05920000
1786979722,176.08830000
1786980263,175.19335000
1786981583,176.08550000
1786982723,175.20000000
1786983774,174.31000000
1786993047,173.43500000
1786996557,172.46675000
1787006191,171.43140000
1787019404,170.55000000
1787040471,169.64470000
1787041701,170.55090000
1787044312,171.43645000
1787048033,172.35020000
1787054905,171.33285000
1787057996,172.21165000
1787059527,171.25910000
1787059857,173.41000000
1787059977,171.30500000
1787060157,172.44225000
1787060337,173.37500000
1787060517,174.43000000
1787060667,173.15500000
1787061057,174.09500000
1787062257,173.18500000
1787064208,172.25115000
1787064928,171.37685000
1787066789,172.27499999
1787072041,173.21499999
1787080504,172.27055000
1787082364,171.32485000
1787098329,170.45499999
1787099470,171.49000000
1787115014,170.55000000
1787126627,169.62070000
1787127648,170.46955000
1787145700,171.39860000
1787146120,172.28545000
1787146240,173.61120000
1787146390,174.86500000
1787146571,176.40000000
1787146691,175.22850000
1787147351,174.25775000
1787147471,173.21325000
1787147531,171.69565000
1787148191,170.75315000
1787149001,171.76000000
1787150712,172.69465000
1787152602,173.79665000
1787152992,174.73175000
1787154013,173.83440000
1787154523,174.96255000
1787155003,175.90000000
1787158364,174.83240000
1787158994,173.87500000
1787162505,174.88085000
1787167186,175.79390000
1787168747,174.88500000
1787179040,175.76045000
1787185732,174.86000000
1787226156,175.80070000
1787227506,174.80980000
1787228077,173.89185000
1787230507,174.77050000
1787232488,175.65445000
1787232638,174.08999999
1787233028,173.02000000
1787233268,172.09500000
1787233448,173.14000000
1787233748,174.05500000
1787233958,174.97070000
1787238088,176.05070000
1787238387,174.69985000
1787243939,175.60500000
1787245710,174.61000000
1787248261,175.70499999
1787248921,174.80000000
1787255853,173.91400000
1787299427,174.79230000
1787313351,173.86340000
1787319053,175.01245000
1787319113,173.74000000
1787319203,174.74270000
1787319413,173.75090000
1787320133,172.88000000
1787321033,173.96470000
1787322084,173.07450000
1787322263,174.22900000
1787323464,175.27500000
1787324184,176.16480000
1787324784,177.20055000
1787326165,178.22860000
1787326975,179.15600000
1787327545,181.32925000
1787328626,180.27105000
1787329316,181.19005000
1787330756,180.06000000
1787331657,181.02320000
1787332887,179.98420000
1787335708,178.92690000
1787341337,179.83030000
1787529639,180.70499999
1787530630,179.80000000
1787551546,178.76000000
1787577024,177.75770000
1787578224,176.32015000
1787578314,174.59960000
1787578374,173.28645000
1787578434,171.70490000
1787578644,172.76895000
1787578794,173.76910000
1787579125,172.71500000
1787579274,173.77245000
1787579815,174.65000000
1787580865,173.65500000
1787582095,174.58500000
1787582186,175.71500000
1787583506,176.63500000
1787585426,177.58860000
1787595990,178.51000000
1787597701,177.61250000
1787598181,176.71880000
1787601722,175.71510000
1787616997,174.80000000
1787618797,175.68000000
1787640403,176.61000000
1787659069,175.55670000
1787664350,174.67240000
1787664500,176.60920000
1787664620,175.68000000
1787664650,178.41945000
1787664740,177.24500000
1787665191,178.30500000
1787665310,179.20685000
1787666181,178.18500000
1787666511,177.21500000
1787666721,176.32080000
1787666871,175.41015000
1787668372,174.45465000
1787670382,173.50330000
1787670952,174.40855000
1787673401,175.32720000
1787673760,176.21680000
1787674991,175.32999999
1787676671,174.33690000
1787678832,173.19720000
1787686304,172.28220000
1787686934,173.19500000
1787688465,172.27345000
1787728947,171.28500000
1787747780,170.36010000
1787751441,171.68850000
1787752011,172.90270000
1787752311,171.90765000
1787752581,172.93915000
1787753181,174.02670000
1787753481,174.94015000
1787753962,175.86500000
1787755703,174.87500000
1787757983,173.98760000
1787758703,174.93940000
1787764165,175.81465000
1787765665,176.73500000
1787766055,177.64000000
1787766415,176.63535000
1787769926,177.54100000
1787775238,178.47150000
1787775298,179.37415000
1787775658,178.40515000
1787778329,177.48105000
1787792493,176.54500000
1787836876,177.43350000
1787837266,178.36975000
1787837446,180.76500000
1787837506,179.59500000
1787837536,178.56500000
1787837776,179.82000000
1787837836,180.99895000
1787838106,182.00000000
1787838257,182.91085000
1787838316,183.92000000
1787839337,182.68270000
1787839457,183.79055000
1787839847,182.79230000
1787840207,184.23040000
1787841948,185.20325000
1787844858,184.16180000
1787845819,185.14499999
1787846059,186.08530000
1787846659,185.14000000
1787848489,186.09000000
1787861364,185.11390000
1787911958,184.11475000
1787916040,185.10230000
1787923842,186.26999999
1787925523,185.26190000
1787928523,186.30000000
1787929874,187.24820000
1787931074,188.21110000
1787931795,187.24520000
1787932785,186.30235000
1787955261,185.36395000
1788134444,185.20000000
1788138706,184.25000000
1788180391,183.23770000
1788182822,184.27410000
1788183032,185.48000000
1788183092,186.57999999
1788183153,185.45000000
1788185763,184.04500000
1788186513,185.36500000
1788190114,186.38500000
1788193926,187.35240000
1788195546,186.40530000
1788202148,187.39499999
1788206140,186.16490000
1788248377,185.20000000
1788250658,184.27185000
1788253389,183.31380000
1788266010,182.34230000
1788269581,183.34345000
1788270361,184.49365000
1788270481,185.42550000
1788270571,184.27075000
1788270661,183.18000000
1788270781,182.15500000
1788271441,183.28985000
1788271832,184.88370000
1788272191,185.97875000
1788274390,184.92135000
1788274802,183.95999999
1788275312,183.02845000
1788276603,184.07005000
1788278493,183.09875000
1788279753,182.10000000
1788281704,183.01999999
1788285725,182.07715000
1788287646,181.08150000
1788290586,182.01999999
1788292417,181.08500000
1788292598,180.04500000
1788294338,179.12965000
1788296559,180.02830000
1788311624,179.10000000
1788336711,178.14705000
1788339322,177.16050000
1788346974,176.24770000
1788347455,177.13760000
1788355827,175.49710000
1788355917,174.24460000
1788356217,172.98770000
1788356427,174.49000000
1788356487,175.38500000
1788356817,176.46440000
1788357147,175.51055000
1788357357,176.63910000
1788357627,175.44710000
1788357837,174.52075000
1788358678,173.54860000
1788361125,172.50500000
1788361816,171.33840000
1788362326,170.39499999
1788362776,169.51360000
1788363136,168.49000000
1788363346,167.57190000
1788364217,166.67425000
1788365807,165.75500000
1788366077,166.62500000
1788366767,167.46000000
1788367067,168.48130000
1788371299,169.41155000
1788371929,170.32000000
1788372769,169.42925000
1788374540,168.46500000
1788377750,169.31500000
1788379611,170.19100000
1788394975,169.32000000
1788398457,170.19500000
1788412710,169.29000000
1788419132,170.17000000
1788422643,171.21490000
1788431526,170.33440000
1788438698,171.25045000
1788441939,172.13750000
1788442239,173.04560000
1788442269,174.57285000
1788442419,175.48500000
1788442479,176.57750000
1788442539,177.57999999
1788442689,178.80230000
1788442809,179.85000000
1788442869,180.80500000
1788443079,179.84075000
1788443439,180.85000000
1788443679,182.28875000
1788443739,183.33499999
1788444250,184.36000000
1788445000,185.46000000
1788445810,184.50655000
1788446410,183.51500000
1788447070,182.59500000
1788447580,181.53505000
1788448181,182.44990000
1788449081,183.60500000
1788449681,182.65845000
1788451091,183.67390000
1788453372,182.69500000
1788459074,183.64499999
1788460034,182.63500000
1788463215,183.64490000
1788465346,182.24835000
1788511259,180.81920000
1788515580,181.76730000
1788521462,180.72515000
1788525153,179.80210000
1788528634,181.02455000
1788528724,179.37340000
1788528754,180.35500000
1788528784,179.44500000
1788528905,178.18340000
1788529132,177.17000000
1788531603,176.27170000
1788531699,175.90535000
1788531849,176.88490000
1788533462,175.91275000
1788534079,176.80500000
1788535151,175.80500000
1788535301,175.80500000
1788539323,174.92500000
1788539413,174.91500000
1788539683,174.84905000
1788548733,173.94980000
1788825626,175.08320834
1788825836,174.11500000
1788850834,173.22500000
1788859926,174.13025000
1788872620,173.20325000
1788874360,174.76940000
1788874630,172.93500000
1788875290,171.91025000
1788875620,170.78500000
1788875711,171.99500000
1788877241,172.89060000
1788879702,171.91000000
1788883423,171.01565000
1788886274,172.01000000
1788892275,171.13585000
1788896657,170.27499999
1788912262,171.14499999
1788960731,169.64000000
1788960916,170.70735000
1788961481,169.66000000
1788963401,168.68500000
1788964152,169.70925000
1788964572,170.59205000
1788964752,171.60365000
1788965262,170.67655000
1788981827,169.82165000
1789004213,168.94500000
1789042402,168.07670000
1789043663,167.13170000
1789044443,166.17250000
1789046934,167.14535000
1789047114,166.19000000
1789047474,164.80500000
1789047624,165.69000000
1789047984,166.78170000
1789048044,167.77525000
1789051225,168.79060000
1789052516,167.85000000
1789052876,167.00910000
1789054616,167.90000000
1789055486,166.97200000
1789061218,166.12500000
1789098729,165.20499999
1789104898,166.09500000
1789114981,166.92765000
1789115942,167.79710000
1789125094,166.86080000
1789128755,168.03420000
1789129895,167.17775000
1789130166,168.04655000
1789133436,167.18380000
1789134038,166.34185000
1789134547,167.34245000
1789135027,168.41265000
1789136168,167.51000000
1789137548,166.52920000
1789138748,165.59030000
1789140219,166.57000000
1789151592,167.44000000
1789344030,165.47000000
1789346701,166.32500000
1789366657,167.17500000
1789373138,168.07395000
1789377220,167.19440000
1789382622,168.07470000
1789383852,169.18815000
1789386853,168.32710000
1789390754,169.35150000
1789391414,168.47335000
1789392524,169.95850000
1789392644,168.92855000
1789392915,168.00460000
1789393185,166.87500000
1789393755,167.82000000
1789393995,168.83615000
1789394505,167.97495000
1789395916,167.05000000
1789396366,168.06495000
1789397146,169.06750000
1789398226,169.94855000
1789398586,170.86500000
1789400057,171.75500000
1789402367,172.61520000
1789402937,173.52000000
1789403898,172.56830000
1789414058,173.48615000
1789425071,172.61370000
1789447008,171.60000000
1789458698,170.72500000
1789479039,171.94800000
1789479129,169.86860000
1789479399,170.80080000
1789479609,171.66500000
1789479849,173.11215000
1789479969,172.14050000
1789481169,171.16500000
1789485028,172.07000000
1789487789,173.03500000
1789489679,174.03970000
1789491029,175.04500000
1789492680,176.22705000
1789493850,175.34435000
1789494090,176.23680000
1789494571,175.35500000
1789494931,174.40260000
1789495561,173.40365000
1789495981,174.37680000
1789496971,175.38290000
1789498142,174.44505000
1789499672,173.53835000
1789501653,172.63000000
1789501953,171.75660000
1789502463,172.90451689
1789507912,172.03925000
1789542139,172.94500000
1789545050,171.91000000
1789557895,173.35515000
1789558285,172.42170000
1789563236,171.40770000
1789565277,170.34970000
1789565427,172.00000000
1789565456,170.47820000
1789565607,171.40000000
1789565937,169.67500000
1789566087,170.57000000
1789566267,171.43000000
1789567527,170.28000000
1789567887,169.33080000
1789568247,170.42120000
1789570198,171.28000000
1789571428,172.25000000
1789575780,171.37500000
1789576680,172.40585000
1789581962,173.38000000
1789583762,172.51220000
1789584062,173.65000000
1789584182,174.54330000
1789584872,173.45499999
1789585082,172.57500000
1789585923,171.58600000
1789587333,172.54975000
1789588143,173.54580000
1789588894,174.48465000
1789603388,175.43500000
1789628716,176.39500000
1789632828,175.38170000
1789650684,174.46205000
1789651674,175.39580000
1789651944,173.95999999
1789652184,173.06720000
1789652394,174.21615000
1789652454,175.41420000
1789652484,176.31500000
1789654315,175.31000000
1789654705,176.24505000
1789655275,177.14000000
1789657196,176.06950000
1789659476,177.12895000
1789662747,176.24000000
1789664158,175.19285000
1789668479,176.11990000
1789670190,175.21455000
1789673401,176.10475000
1789674901,177.05865000
1789675321,176.11340000
1789684671,175.22950000
1789709158,176.11000000
1789738087,177.00655000
1789738387,175.16500000
1789738417,174.28305000
1789738837,173.26000000
1789739017,172.19000000
1789739377,173.22500000
1789739527,174.38875000
1789739557,175.31500000
1789739647,174.41000000
1789740428,173.32025000
1789741838,174.74300000
1789743848,175.80025000
1789755462,176.68500000
1789761494,177.60310000
1789948836,177.65500000
1789980525,178.57205000
1789990879,179.51290000
1789994689,178.59445000
1789997570,179.49000000
1789997631,178.55895000
1789998051,177.52830000
1789998381,178.69940000
1789998771,179.63455000
1789998921,180.57999999
1789999251,181.60820000
1790007023,182.54050000
1790009514,181.59955000
1790019901,182.62520000
1790035386,183.59500000
1790039077,182.64499999
1790064135,183.60010000
1790081887,184.53880000
1790084095,183.47500000
1790084365,184.56500000
1790084815,183.49500000
1790086016,182.55355000
1790086375,183.60500000
1790087336,182.67025000
1790089527,183.71750000
1790090397,184.64970000
1790093008,183.70230000
1790097539,184.67245000
1790161698,185.61165000
1790164609,184.66730000
1790169446,185.71775000
1790170257,186.67500000
1790170346,184.37000000
1790170378,183.11370000
1790170407,184.81000000
1790170557,185.97500000
1790170646,187.72365000
1790170797,188.92500000
1790170886,190.36490000
1790170917,191.65230000
1790171037,192.78420000
1790171727,191.43500000
1790172057,190.36000000
1790172507,188.68115000
1790172807,187.56000000
1790172927,188.75000000
1790174278,189.73500000
1790175118,190.68500000
1790175208,191.73000000
1790175448,193.23000000
1790176228,192.16130000
1790176559,191.09500000
1790177159,192.22000000
1790179109,191.25185000
1790182170,190.23970000
1790184211,191.29500000
1790186972,190.23000000
1790187692,191.21000000
1790221543,190.22500000
1790235016,191.23500000
1790236997,190.25540000
1790238407,189.18495000
1790248791,187.94755000
1790255349,188.96585000
1790256700,190.08499999
1790256790,191.23560000
1790257300,192.24000000
1790257570,190.59530000
1790257630,189.07885000
1790257810,190.32000000
1790257990,189.04300000
1790258440,190.17490000
1790258861,191.19500000
1790260841,192.31000000
1790262822,191.10500000
1790264172,192.12040000
1790264562,191.09640000
1790266603,192.10415000
1790266963,193.37620000
1790267323,194.56000000
1790267713,193.56000000
1790271464,192.51800000
1790272935,191.54670000
1790273505,192.51000000
1790281460,191.52690000
1790298901,192.54500000
1790343036,191.57500000
1790343096,192.81500000
1790343186,191.62000000
1790343396,192.61000000
1790343696,193.75000000
1790344147,192.42000000
1790345106,191.30500000
1790354860,192.28975000
1790355580,191.28000000
1790364733,190.31500000
1790553637,189.35000000
1790562309,188.39000000
1790596027,187.44695000
1790599118,186.48655000
1790602268,187.46000000
1790602329,185.91500000
1790602509,187.20025000
1790602659,188.57000000
1790602869,189.54500000
1790603079,188.05500000
1790603469,187.02000000
1790603589,187.99845000
1790603799,189.00000000
1790604609,188.00500000
1790606740,186.96000000
1790608061,188.09695000
1790612832,189.11475000
1790615833,190.08499999
1790617364,189.12950000
1790619734,188.15200000
1790643171,187.18000000
1790660036,186.22500000
1790669129,187.17085000
1790683323,188.23270000
1790688754,186.75000000
1790688935,187.74000000
1790689145,186.52400000
1790689445,185.18400000
1790689865,186.17000000
1790691215,187.15500000
1790693226,186.18500000
1790704449,185.22030000
1790710781,186.18000000
1790712132,187.12620000
1790764279,186.17505000
1790771450,187.58655000
1790775262,189.07500000
1790775352,188.07500000
1790775502,189.09500000
1790776612,190.13000000
1790777513,189.10500000
1790780123,190.15300000
1790787445,189.13555000
1790788766,188.17300000
1790798129,187.13000000
1790798759,186.09140000
1790812383,187.09545000
1790828888,188.12000000
1790839301,187.16000000
1790852054,188.15795000
1790856256,189.11560000
1790861207,190.12290000
1790861447,188.78455000
1790861537,187.76500000
1790862438,186.81500000
1790862528,187.79000000
1790862768,189.12000000
1790862918,190.58500000
1790863758,191.68095000
1790863998,190.56500000
1790864088,189.41000000
1790864418,190.43500000
1790865666,189.44000000
1790867316,188.38000000
1790875358,189.38000000
1790875899,190.43200000
1790877429,189.43455000
1790881750,190.44000000
1790888202,189.48485000
1790895284,190.46300000
1790928246,191.66445000
1790944593,192.71415000
1790948044,193.74500000
1790948314,192.06000000
1790949034,190.81580000
1790949334,191.97500000
1790951572,192.94000000
1790952142,194.06000000
1790953672,192.90570000
1790954183,191.78200000
1790954723,190.68500000
1790956463,189.57600000
1790957843,190.56500000
1790961624,189.56000000
1790970657,188.54600000
1791158447,189.38500000
