ticker,window,rule,baseline,start,end,cadence,mode,returnPct,holdPct,relativePct,maxDdPct,holdDdPct,actions,activeDays,waitDays,longestWait,recoveryBuys,dipBuys,stopSales,cashPct,meanCashPct,highCashDays,eligibleSales20,salesThenRise20,bars,cycleMinusOriginalPp
NVDA,m1,live,2026-08-31,2026-09-01,2026-09-30,daily,original,3.442343575295048,3.442343575295048,0.0,8.421598300522238,8.421598300522238,0,0,21,21,0,0,0,0.0,0.0,0,0,0,21,0.0
NVDA,m1,live,2026-08-31,2026-09-01,2026-09-30,daily,cycle,3.442343575295048,3.442343575295048,0.0,8.421598300522238,8.421598300522238,0,0,21,21,0,0,0,0.0,0.0,0,0,0,21,0.0
NVDA,m1,live,2026-08-31,2026-09-01,2026-09-30,batch,original,3.442343575295048,3.442343575295048,0.0,8.421598300522238,8.421598300522238,0,0,21,21,0,0,0,0.0,0.0,0,0,0,21,0.0
NVDA,m1,live,2026-08-31,2026-09-01,2026-09-30,batch,cycle,3.442343575295048,3.442343575295048,0.0,8.421598300522238,8.421598300522238,0,0,21,21,0,0,0,0.0,0.0,0,0,0,21,0.0
NVDA,m1,trend,2026-08-31,2026-09-01,2026-09-30,daily,original,3.442343575295048,3.442343575295048,0.0,8.421598300522238,8.421598300522238,0,0,21,21,0,0,0,0.0,0.0,0,0,0,21,0.0
NVDA,m1,trend,2026-08-31,2026-09-01,2026-09-30,daily,cycle,3.442343575295048,3.442343575295048,0.0,8.421598300522238,8.421598300522238,0,0,21,21,0,0,0,0.0,0.0,0,0,0,21,0.0
NVDA,m1,trend,2026-08-31,2026-09-01,2026-09-30,batch,original,3.442343575295048,3.442343575295048,0.0,8.421598300522238,8.421598300522238,0,0,21,21,0,0,0,0.0,0.0,0,0,0,21,0.0
NVDA,m1,trend,2026-08-31,2026-09-01,2026-09-30,batch,cycle,3.442343575295048,3.442343575295048,0.0,8.421598300522238,8.421598300522238,0,0,21,21,0,0,0,0.0,0.0,0,0,0,21,0.0
NVDA,m1,range,2026-08-31,2026-09-01,2026-09-30,daily,original,3.442343575295048,3.442343575295048,0.0,8.421598300522238,8.421598300522238,0,0,21,21,0,0,0,0.0,0.0,0,0,0,21,0.0
NVDA,m1,range,2026-08-31,2026-09-01,2026-09-30,daily,cycle,3.442343575295048,3.442343575295048,0.0,8.421598300522238,8.421598300522238,0,0,21,21,0,0,0,0.0,0.0,0,0,0,21,0.0
NVDA,m1,range,2026-08-31,2026-09-01,2026-09-30,batch,original,3.442343575295048,3.442343575295048,0.0,8.421598300522238,8.421598300522238,0,0,21,21,0,0,0,0.0,0.0,0,0,0,21,0.0
NVDA,m1,range,2026-08-31,2026-09-01,2026-09-30,batch,cycle,3.442343575295048,3.442343575295048,0.0,8.421598300522238,8.421598300522238,0,0,21,21,0,0,0,0.0,0.0,0,0,0,21,0.0
NVDA,m1,scalp,2026-08-31,2026-09-01,2026-09-30,daily,original,3.442343575295048,3.442343575295048,0.0,8.421598300522238,8.421598300522238,0,0,21,21,0,0,0,0.0,0.0,0,0,0,21,0.0
NVDA,m1,scalp,2026-08-31,2026-09-01,2026-09-30,daily,cycle,3.442343575295048,3.442343575295048,0.0,8.421598300522238,8.421598300522238,0,0,21,21,0,0,0,0.0,0.0,0,0,0,21,0.0
NVDA,m1,scalp,2026-08-31,2026-09-01,2026-09-30,batch,original,3.442343575295048,3.442343575295048,0.0,8.421598300522238,8.421598300522238,0,0,21,21,0,0,0,0.0,0.0,0,0,0,21,0.0
NVDA,m1,scalp,2026-08-31,2026-09-01,2026-09-30,batch,cycle,3.442343575295048,3.442343575295048,0.0,8.421598300522238,8.421598300522238,0,0,21,21,0,0,0,0.0,0.0,0,0,0,21,0.0
NVDA,m1,stop,2026-08-31,2026-09-01,2026-09-30,daily,original,3.442343575295048,3.442343575295048,0.0,8.421598300522238,8.421598300522238,0,0,21,21,0,0,0,0.0,0.0,0,0,0,21,0.0
NVDA,m1,stop,2026-08-31,2026-09-01,2026-09-30,daily,cycle,3.442343575295048,3.442343575295048,0.0,8.421598300522238,8.421598300522238,0,0,21,21,0,0,0,0.0,0.0,0,0,0,21,0.0
NVDA,m1,stop,2026-08-31,2026-09-01,2026-09-30,batch,original,3.442343575295048,3.442343575295048,0.0,8.421598300522238,8.421598300522238,0,0,21,21,0,0,0,0.0,0.0,0,0,0,21,0.0
NVDA,m1,stop,2026-08-31,2026-09-01,2026-09-30,batch,cycle,3.442343575295048,3.442343575295048,0.0,8.421598300522238,8.421598300522238,0,0,21,21,0,0,0,0.0,0.0,0,0,0,21,0.0
NVDA,m1,diamond,2026-08-31,2026-09-01,2026-09-30,daily,original,3.442343575295048,3.442343575295048,0.0,8.421598300522238,8.421598300522238,0,0,21,21,0,0,0,0.0,0.0,0,0,0,21,0.0
NVDA,m1,diamond,2026-08-31,2026-09-01,2026-09-30,daily,cycle,3.442343575295048,3.442343575295048,0.0,8.421598300522238,8.421598300522238,0,0,21,21,0,0,0,0.0,0.0,0,0,0,21,0.0
NVDA,m1,diamond,2026-08-31,2026-09-01,2026-09-30,batch,original,3.442343575295048,3.442343575295048,0.0,8.421598300522238,8.421598300522238,0,0,21,21,0,0,0,0.0,0.0,0,0,0,21,0.0
NVDA,m1,diamond,2026-08-31,2026-09-01,2026-09-30,batch,cycle,3.442343575295048,3.442343575295048,0.0,8.421598300522238,8.421598300522238,0,0,21,21,0,0,0,0.0,0.0,0,0,0,21,0.0
NVDA,m3,live,2026-07-01,2026-07-02,2026-09-30,daily,original,10.536994493518058,15.58862373029739,-4.370351574188036,6.023476945732664,10.58353199678308,9,9,54,36,0,1,0,90.27332656339907,67.55614200088657,37,8,0,63,-1.3573227935542498
NVDA,m3,live,2026-07-01,2026-07-02,2026-09-30,daily,cycle,9.179671699963809,15.58862373029739,-5.544621800574056,6.023476945732664,10.58353199678308,12,12,51,17,2,1,1,71.82297138015143,63.233914140574626,22,8,0,63,-1.3573227935542498
NVDA,m3,live,2026-07-01,2026-07-02,2026-09-30,batch,original,10.10527485661703,15.58862373029739,-4.74384822374444,6.016418796376099,10.58353199678308,9,4,59,39,0,1,0,90.62728569765991,70.30107514355053,40,8,0,63,-1.2839589974044756
NVDA,m3,live,2026-07-01,2026-07-02,2026-09-30,batch,cycle,8.821315859212554,15.58862373029739,-5.854648712554078,6.016418796376099,10.58353199678308,11,6,57,21,1,1,1,90.51669908359837,69.42595406078638,37,8,0,63,-1.2839589974044756
NVDA,m3,trend,2026-07-01,2026-07-02,2026-09-30,daily,original,15.58862373029739,15.58862373029739,0.0,10.58353199678309,10.58353199678308,0,0,63,63,0,0,0,0.0,0.0,0,0,0,63,0.0
NVDA,m3,trend,2026-07-01,2026-07-02,2026-09-30,daily,cycle,15.58862373029739,15.58862373029739,0.0,10.58353199678309,10.58353199678308,0,0,63,63,0,0,0,0.0,0.0,0,0,0,63,0.0
NVDA,m3,trend,2026-07-01,2026-07-02,2026-09-30,batch,original,15.58862373029739,15.58862373029739,0.0,10.58353199678309,10.58353199678308,0,0,63,63,0,0,0,0.0,0.0,0,0,0,63,0.0
NVDA,m3,trend,2026-07-01,2026-07-02,2026-09-30,batch,cycle,15.58862373029739,15.58862373029739,0.0,10.58353199678309,10.58353199678308,0,0,63,63,0,0,0,0.0,0.0,0,0,0,63,0.0
NVDA,m3,range,2026-07-01,2026-07-02,2026-09-30,daily,original,15.58862373029739,15.58862373029739,0.0,10.58353199678309,10.58353199678308,0,0,63,63,0,0,0,0.0,0.0,0,0,0,63,0.0
NVDA,m3,range,2026-07-01,2026-07-02,2026-09-30,daily,cycle,15.58862373029739,15.58862373029739,0.0,10.58353199678309,10.58353199678308,0,0,63,63,0,0,0,0.0,0.0,0,0,0,63,0.0
NVDA,m3,range,2026-07-01,2026-07-02,2026-09-30,batch,original,15.58862373029739,15.58862373029739,0.0,10.58353199678309,10.58353199678308,0,0,63,63,0,0,0,0.0,0.0,0,0,0,63,0.0
NVDA,m3,range,2026-07-01,2026-07-02,2026-09-30,batch,cycle,15.58862373029739,15.58862373029739,0.0,10.58353199678309,10.58353199678308,0,0,63,63,0,0,0,0.0,0.0,0,0,0,63,0.0
NVDA,m3,scalp,2026-07-01,2026-07-02,2026-09-30,daily,original,10.536994493518058,15.58862373029739,-4.370351574188036,6.023476945732664,10.58353199678308,9,9,54,36,0,1,0,90.27332656339907,67.55614200088657,37,8,0,63,0.8390234065990931
NVDA,m3,scalp,2026-07-01,2026-07-02,2026-09-30,daily,cycle,11.376017900117152,15.58862373029739,-3.6444813462002124,6.023476945732664,10.58353199678308,12,12,51,17,1,2,0,64.4613845144346,60.161424554130996,18,8,0,63,0.8390234065990931
NVDA,m3,scalp,2026-07-01,2026-07-02,2026-09-30,batch,original,10.10527485661703,15.58862373029739,-4.74384822374444,6.016418796376099,10.58353199678308,9,4,59,39,0,1,0,90.62728569765991,70.30107514355053,40,8,0,63,0.3251203078735063
NVDA,m3,scalp,2026-07-01,2026-07-02,2026-09-30,batch,cycle,10.430395164490536,15.58862373029739,-4.462574602360969,6.016418796376099,10.58353199678308,11,6,57,21,1,2,0,57.83142247996443,61.75095117583178,22,8,0,63,0.3251203078735063
NVDA,m3,stop,2026-07-01,2026-07-02,2026-09-30,daily,original,15.581108409632671,15.58862373029739,-0.0065017822880708565,10.58353199678309,10.58353199678308,3,3,60,39,0,0,0,43.19477524221354,14.212060274349184,0,1,0,63,0.0
NVDA,m3,stop,2026-07-01,2026-07-02,2026-09-30,daily,cycle,15.581108409632671,15.58862373029739,-0.0065017822880708565,10.58353199678309,10.58353199678308,3,3,60,39,0,0,0,43.19477524221354,14.212060274349184,0,1,0,63,0.0
NVDA,m3,stop,2026-07-01,2026-07-02,2026-09-30,batch,original,15.387361812835888,15.58862373029739,-0.174119139900053,10.58353199678309,10.58353199678308,3,1,62,39,0,0,0,43.26730346862499,16.7171798191932,0,3,0,63,0.0
NVDA,m3,stop,2026-07-01,2026-07-02,2026-09-30,batch,cycle,15.387361812835888,15.58862373029739,-0.174119139900053,10.58353199678309,10.58353199678308,3,1,62,39,0,0,0,43.26730346862499,16.7171798191932,0,3,0,63,0.0
NVDA,m3,diamond,2026-07-01,2026-07-02,2026-09-30,daily,original,15.58862373029739,15.58862373029739,0.0,10.58353199678309,10.58353199678308,0,0,63,63,0,0,0,0.0,0.0,0,0,0,63,0.0
NVDA,m3,diamond,2026-07-01,2026-07-02,2026-09-30,daily,cycle,15.58862373029739,15.58862373029739,0.0,10.58353199678309,10.58353199678308,0,0,63,63,0,0,0,0.0,0.0,0,0,0,63,0.0
NVDA,m3,diamond,2026-07-01,2026-07-02,2026-09-30,batch,original,15.58862373029739,15.58862373029739,0.0,10.58353199678309,10.58353199678308,0,0,63,63,0,0,0,0.0,0.0,0,0,0,63,0.0
NVDA,m3,diamond,2026-07-01,2026-07-02,2026-09-30,batch,cycle,15.58862373029739,15.58862373029739,0.0,10.58353199678309,10.58353199678308,0,0,63,63,0,0,0,0.0,0.0,0,0,0,63,0.0
NVDA,ytd,live,2025-12-31,2026-01-02,2026-09-30,daily,original,-5.715575099183656,22.455766693197067,-23.005320658325324,10.710966558348645,19.398494070050486,8,8,179,121,0,1,5,98.08030708543615,76.58561892771013,133,7,7,187,-1.5811344433811714
NVDA,ytd,live,2025-12-31,2026-01-02,2026-09-30,daily,cycle,-7.296709542564828,22.455766693197067,-24.296508885779367,12.705440431818648,19.398494070050486,30,30,157,22,6,4,11,92.51913355496052,68.25480180826878,89,19,10,187,-1.5811344433811714
NVDA,ytd,live,2025-12-31,2026-01-02,2026-09-30,batch,original,-5.513100429857564,22.455766693197067,-22.83997550979232,10.220130450218024,19.398494070050486,8,4,183,121,0,1,5,98.08030708543613,86.67395497132081,165,7,7,187,-2.610511490085722
NVDA,ytd,live,2025-12-31,2026-01-02,2026-09-30,batch,cycle,-8.123611919943286,22.455766693197067,-24.971775065321733,13.5303204733911,19.398494070050486,30,25,162,22,6,4,11,92.14661201529628,76.68988295106426,101,19,10,187,-2.610511490085722
NVDA,ytd,trend,2025-12-31,2026-01-02,2026-09-30,daily,original,22.455766693197067,22.455766693197067,0.0,19.398494070050486,19.398494070050486,0,0,187,187,0,0,0,0.0,0.0,0,0,0,187,0.0
NVDA,ytd,trend,2025-12-31,2026-01-02,2026-09-30,daily,cycle,22.455766693197067,22.455766693197067,0.0,19.398494070050486,19.398494070050486,0,0,187,187,0,0,0,0.0,0.0,0,0,0,187,0.0
NVDA,ytd,trend,2025-12-31,2026-01-02,2026-09-30,batch,original,22.455766693197067,22.455766693197067,0.0,19.398494070050486,19.398494070050486,0,0,187,187,0,0,0,0.0,0.0,0,0,0,187,0.0
NVDA,ytd,trend,2025-12-31,2026-01-02,2026-09-30,batch,cycle,22.455766693197067,22.455766693197067,0.0,19.398494070050486,19.398494070050486,0,0,187,187,0,0,0,0.0,0.0,0,0,0,187,0.0
NVDA,ytd,range,2025-12-31,2026-01-02,2026-09-30,daily,original,24.314922350350464,22.455766693197067,1.518226301102965,15.539987609451167,19.398494070050486,6,6,181,90,0,1,0,36.11821893127975,20.059190331559954,0,4,0,187,0.0
NVDA,ytd,range,2025-12-31,2026-01-02,2026-09-30,daily,cycle,24.314922350350464,22.455766693197067,1.518226301102965,15.539987609451167,19.398494070050486,6,6,181,90,0,1,0,36.11821893127975,20.059190331559954,0,4,0,187,0.0
NVDA,ytd,range,2025-12-31,2026-01-02,2026-09-30,batch,original,23.690627600865,22.455766693197067,1.0084138469050652,15.539987609451167,19.398494070050486,6,3,184,90,0,1,0,36.30051580273168,20.432176947201697,0,4,0,187,0.0
NVDA,ytd,range,2025-12-31,2026-01-02,2026-09-30,batch,cycle,23.690627600865,22.455766693197067,1.0084138469050652,15.539987609451167,19.398494070050486,6,3,184,90,0,1,0,36.30051580273168,20.432176947201697,0,4,0,187,0.0
NVDA,ytd,scalp,2025-12-31,2026-01-02,2026-09-30,daily,original,17.98737845530123,22.455766693197067,-3.648981471890189,15.539987609451167,19.398494070050486,20,20,167,69,0,5,0,75.75642118078811,46.04858282001775,33,14,6,187,-1.9758288320940842
NVDA,ytd,scalp,2025-12-31,2026-01-02,2026-09-30,daily,cycle,16.011549623207145,22.455766693197067,-5.262485584803356,15.539987609451167,19.398494070050486,24,24,163,69,1,7,0,44.34765823764899,30.846066231238982,7,15,6,187,-1.9758288320940842
NVDA,ytd,scalp,2025-12-31,2026-01-02,2026-09-30,batch,original,16.61492196159582,22.455766693197067,-4.769758819309011,15.539987609451167,19.398494070050486,20,15,172,69,0,5,0,76.64800855606153,47.45025607696632,39,14,7,187,-1.9804132700875776
NVDA,ytd,scalp,2025-12-31,2026-01-02,2026-09-30,batch,cycle,14.634508691508241,22.455766693197067,-6.387006682408303,15.539987609451167,19.398494070050486,24,19,168,69,1,7,0,44.88038212084352,32.061989319112676,13,15,7,187,-1.9804132700875776
NVDA,ytd,stop,2025-12-31,2026-01-02,2026-09-30,daily,original,23.63471755701074,22.455766693197067,0.9627565084521006,15.539987609451167,19.398494070050486,5,5,182,78,0,1,0,30.220750518272443,17.149003262993702,0,4,0,187,0.0
NVDA,ytd,stop,2025-12-31,2026-01-02,2026-09-30,daily,cycle,23.63471755701074,22.455766693197067,0.9627565084521006,15.539987609451167,19.398494070050486,5,5,182,78,0,1,0,30.220750518272443,17.149003262993702,0,4,0,187,0.0
NVDA,ytd,stop,2025-12-31,2026-01-02,2026-09-30,batch,original,23.803911434739568,22.455766693197067,1.1009238502586616,15.539987609451167,19.398494070050486,5,3,184,78,0,1,0,30.179449997886564,19.48340087347302,0,4,0,187,0.0
NVDA,ytd,stop,2025-12-31,2026-01-02,2026-09-30,batch,cycle,23.803911434739568,22.455766693197067,1.1009238502586616,15.539987609451167,19.398494070050486,5,3,184,78,0,1,0,30.179449997886564,19.48340087347302,0,4,0,187,0.0
NVDA,ytd,diamond,2025-12-31,2026-01-02,2026-09-30,daily,original,22.455766693197067,22.455766693197067,0.0,19.398494070050486,19.398494070050486,0,0,187,187,0,0,0,0.0,0.0,0,0,0,187,0.0
NVDA,ytd,diamond,2025-12-31,2026-01-02,2026-09-30,daily,cycle,22.455766693197067,22.455766693197067,0.0,19.398494070050486,19.398494070050486,0,0,187,187,0,0,0,0.0,0.0,0,0,0,187,0.0
NVDA,ytd,diamond,2025-12-31,2026-01-02,2026-09-30,batch,original,22.455766693197067,22.455766693197067,0.0,19.398494070050486,19.398494070050486,0,0,187,187,0,0,0,0.0,0.0,0,0,0,187,0.0
NVDA,ytd,diamond,2025-12-31,2026-01-02,2026-09-30,batch,cycle,22.455766693197067,22.455766693197067,0.0,19.398494070050486,19.398494070050486,0,0,187,187,0,0,0,0.0,0.0,0,0,0,187,0.0
NVDA,year,live,2025-09-29,2025-09-30,2026-09-30,daily,original,8.542727317373755,25.58702074104431,-13.571699784817126,6.391933588947795,20.223143583337766,11,11,241,196,0,2,2,89.80339073528553,81.58313941701938,197,9,1,252,1.0142694761196225
NVDA,year,live,2025-09-29,2025-09-30,2026-09-30,daily,cycle,9.556996793493377,25.58702074104431,-12.764076934832481,7.183876171478076,20.223143583337766,42,42,210,21,6,8,9,80.9836609808149,70.02994899098066,92,27,7,252,1.0142694761196225
NVDA,year,live,2025-09-29,2025-09-30,2026-09-30,batch,original,11.08585969599809,25.58702074104431,-11.546703600005815,3.9457457827147047,20.223143583337766,17,12,240,119,0,4,2,88.05515367957454,83.56287568503832,216,13,2,252,-5.996384308884628
NVDA,year,live,2025-09-29,2025-09-30,2026-09-30,batch,cycle,5.089475387113462,25.58702074104431,-16.321388335340814,8.40392457394763,20.223143583337766,43,37,215,21,8,7,10,82.41917719938957,75.05377866348832,119,27,6,252,-5.996384308884628
NVDA,year,trend,2025-09-29,2025-09-30,2026-09-30,daily,original,25.58702074104431,25.58702074104431,0.0,20.223143583337766,20.223143583337766,0,0,252,252,0,0,0,0.0,0.0,0,0,0,252,0.0
NVDA,year,trend,2025-09-29,2025-09-30,2026-09-30,daily,cycle,25.58702074104431,25.58702074104431,0.0,20.223143583337766,20.223143583337766,0,0,252,252,0,0,0,0.0,0.0,0,0,0,252,0.0
NVDA,year,trend,2025-09-29,2025-09-30,2026-09-30,batch,original,25.58702074104431,25.58702074104431,0.0,20.223143583337766,20.223143583337766,0,0,252,252,0,0,0,0.0,0.0,0,0,0,252,0.0
NVDA,year,trend,2025-09-29,2025-09-30,2026-09-30,batch,cycle,25.58702074104431,25.58702074104431,0.0,20.223143583337766,20.223143583337766,0,0,252,252,0,0,0,0.0,0.0,0,0,0,252,0.0
NVDA,year,range,2025-09-29,2025-09-30,2026-09-30,daily,original,25.398181781224196,25.58702074104431,-0.15036502873134738,20.223143583337766,20.223143583337766,5,5,247,153,0,1,0,31.85074062292364,13.920680958481913,0,4,0,252,0.0
NVDA,year,range,2025-09-29,2025-09-30,2026-09-30,daily,cycle,25.398181781224196,25.58702074104431,-0.15036502873134738,20.223143583337766,20.223143583337766,5,5,247,153,0,1,0,31.85074062292364,13.920680958481913,0,4,0,252,0.0
NVDA,year,range,2025-09-29,2025-09-30,2026-09-30,batch,original,23.42123439356798,25.58702074104431,-1.7245303970878534,20.223143583337766,20.223143583337766,4,1,251,153,0,0,0,40.45089991629659,16.543949318379862,0,4,0,252,0.0
NVDA,year,range,2025-09-29,2025-09-30,2026-09-30,batch,cycle,23.42123439356798,25.58702074104431,-1.7245303970878534,20.223143583337766,20.223143583337766,4,1,251,153,0,0,0,40.45089991629659,16.543949318379862,0,4,0,252,0.0
NVDA,year,scalp,2025-09-29,2025-09-30,2026-09-30,daily,original,27.34206835678037,25.58702074104431,1.3974753166212217,9.456219426001821,20.223143583337766,44,44,208,19,0,13,0,69.80199581363684,53.786019018596335,20,30,10,252,-1.964871063643848
NVDA,year,scalp,2025-09-29,2025-09-30,2026-09-30,daily,cycle,25.377197293136522,25.58702074104431,-0.16707415039364237,9.639211363902401,20.223143583337766,48,48,204,19,1,15,0,40.80732256906139,43.33479364841645,5,31,10,252,-1.964871063643848
NVDA,year,scalp,2025-09-29,2025-09-30,2026-09-30,batch,original,26.494570334648703,25.58702074104431,0.7226460093163078,8.352305209350119,20.223143583337766,44,33,219,17,0,13,0,70.15706108348856,60.033968734417776,35,30,9,252,-1.9662742790958596
NVDA,year,scalp,2025-09-29,2025-09-30,2026-09-30,batch,cycle,24.528296055552843,25.58702074104431,-0.8430207829155378,9.584964986665545,20.223143583337766,48,37,215,16,1,15,0,41.01966836004432,49.51981160813324,20,31,9,252,-1.9662742790958596
NVDA,year,stop,2025-09-29,2025-09-30,2026-09-30,daily,original,21.860091367625103,25.58702074104431,-2.9676071232743073,20.223143583337766,20.223143583337766,3,3,249,143,0,0,0,40.969114202768196,18.3061646957887,0,3,2,252,-1.7830673361296547
NVDA,year,stop,2025-09-29,2025-09-30,2026-09-30,daily,cycle,20.077024031495448,25.58702074104431,-4.387393440051623,20.223143583337766,20.223143583337766,7,7,245,143,2,1,1,13.382760586192136,11.103856874037543,0,4,2,252,-1.7830673361296547
NVDA,year,stop,2025-09-29,2025-09-30,2026-09-30,batch,original,26.927337347467173,25.58702074104431,1.067241342707348,20.223143583337766,20.223143583337766,5,3,249,143,0,1,0,29.43679456899958,14.104620428342423,0,4,0,252,0.0
NVDA,year,stop,2025-09-29,2025-09-30,2026-09-30,batch,cycle,26.927337347467173,25.58702074104431,1.067241342707348,20.223143583337766,20.223143583337766,5,3,249,143,0,1,0,29.43679456899958,14.104620428342423,0,4,0,252,0.0
NVDA,year,diamond,2025-09-29,2025-09-30,2026-09-30,daily,original,25.58702074104431,25.58702074104431,0.0,20.223143583337766,20.223143583337766,0,0,252,252,0,0,0,0.0,0.0,0,0,0,252,0.0
NVDA,year,diamond,2025-09-29,2025-09-30,2026-09-30,daily,cycle,25.58702074104431,25.58702074104431,0.0,20.223143583337766,20.223143583337766,0,0,252,252,0,0,0,0.0,0.0,0,0,0,252,0.0
NVDA,year,diamond,2025-09-29,2025-09-30,2026-09-30,batch,original,25.58702074104431,25.58702074104431,0.0,20.223143583337766,20.223143583337766,0,0,252,252,0,0,0,0.0,0.0,0,0,0,252,0.0
NVDA,year,diamond,2025-09-29,2025-09-30,2026-09-30,batch,cycle,25.58702074104431,25.58702074104431,0.0,20.223143583337766,20.223143583337766,0,0,252,252,0,0,0,0.0,0.0,0,0,0,252,0.0
TSLA,m1,live,2026-08-31,2026-09-01,2026-09-30,daily,original,-3.571141245415732,-3.571141245415732,0.0,7.176680819141524,7.176680819141524,0,0,21,21,0,0,0,0.0,0.0,0,0,0,21,0.0
TSLA,m1,live,2026-08-31,2026-09-01,2026-09-30,daily,cycle,-3.571141245415732,-3.571141245415732,0.0,7.176680819141524,7.176680819141524,0,0,21,21,0,0,0,0.0,0.0,0,0,0,21,0.0
TSLA,m1,live,2026-08-31,2026-09-01,2026-09-30,batch,original,-3.571141245415732,-3.571141245415732,0.0,7.176680819141524,7.176680819141524,0,0,21,21,0,0,0,0.0,0.0,0,0,0,21,0.0
TSLA,m1,live,2026-08-31,2026-09-01,2026-09-30,batch,cycle,-3.571141245415732,-3.571141245415732,0.0,7.176680819141524,7.176680819141524,0,0,21,21,0,0,0,0.0,0.0,0,0,0,21,0.0
TSLA,m1,trend,2026-08-31,2026-09-01,2026-09-30,daily,original,-3.571141245415732,-3.571141245415732,0.0,7.176680819141524,7.176680819141524,0,0,21,21,0,0,0,0.0,0.0,0,0,0,21,0.0
TSLA,m1,trend,2026-08-31,2026-09-01,2026-09-30,daily,cycle,-3.571141245415732,-3.571141245415732,0.0,7.176680819141524,7.176680819141524,0,0,21,21,0,0,0,0.0,0.0,0,0,0,21,0.0
TSLA,m1,trend,2026-08-31,2026-09-01,2026-09-30,batch,original,-3.571141245415732,-3.571141245415732,0.0,7.176680819141524,7.176680819141524,0,0,21,21,0,0,0,0.0,0.0,0,0,0,21,0.0
TSLA,m1,trend,2026-08-31,2026-09-01,2026-09-30,batch,cycle,-3.571141245415732,-3.571141245415732,0.0,7.176680819141524,7.176680819141524,0,0,21,21,0,0,0,0.0,0.0,0,0,0,21,0.0
TSLA,m1,range,2026-08-31,2026-09-01,2026-09-30,daily,original,-3.571141245415732,-3.571141245415732,0.0,7.176680819141524,7.176680819141524,0,0,21,21,0,0,0,0.0,0.0,0,0,0,21,0.0
TSLA,m1,range,2026-08-31,2026-09-01,2026-09-30,daily,cycle,-3.571141245415732,-3.571141245415732,0.0,7.176680819141524,7.176680819141524,0,0,21,21,0,0,0,0.0,0.0,0,0,0,21,0.0
TSLA,m1,range,2026-08-31,2026-09-01,2026-09-30,batch,original,-3.571141245415732,-3.571141245415732,0.0,7.176680819141524,7.176680819141524,0,0,21,21,0,0,0,0.0,0.0,0,0,0,21,0.0
TSLA,m1,range,2026-08-31,2026-09-01,2026-09-30,batch,cycle,-3.571141245415732,-3.571141245415732,0.0,7.176680819141524,7.176680819141524,0,0,21,21,0,0,0,0.0,0.0,0,0,0,21,0.0
TSLA,m1,scalp,2026-08-31,2026-09-01,2026-09-30,daily,original,-3.571141245415732,-3.571141245415732,0.0,7.176680819141524,7.176680819141524,0,0,21,21,0,0,0,0.0,0.0,0,0,0,21,0.0
TSLA,m1,scalp,2026-08-31,2026-09-01,2026-09-30,daily,cycle,-3.571141245415732,-3.571141245415732,0.0,7.176680819141524,7.176680819141524,0,0,21,21,0,0,0,0.0,0.0,0,0,0,21,0.0
TSLA,m1,scalp,2026-08-31,2026-09-01,2026-09-30,batch,original,-3.571141245415732,-3.571141245415732,0.0,7.176680819141524,7.176680819141524,0,0,21,21,0,0,0,0.0,0.0,0,0,0,21,0.0
TSLA,m1,scalp,2026-08-31,2026-09-01,2026-09-30,batch,cycle,-3.571141245415732,-3.571141245415732,0.0,7.176680819141524,7.176680819141524,0,0,21,21,0,0,0,0.0,0.0,0,0,0,21,0.0
TSLA,m1,stop,2026-08-31,2026-09-01,2026-09-30,daily,original,-3.571141245415732,-3.571141245415732,0.0,7.176680819141524,7.176680819141524,0,0,21,21,0,0,0,0.0,0.0,0,0,0,21,0.0
TSLA,m1,stop,2026-08-31,2026-09-01,2026-09-30,daily,cycle,-3.571141245415732,-3.571141245415732,0.0,7.176680819141524,7.176680819141524,0,0,21,21,0,0,0,0.0,0.0,0,0,0,21,0.0
TSLA,m1,stop,2026-08-31,2026-09-01,2026-09-30,batch,original,-3.571141245415732,-3.571141245415732,0.0,7.176680819141524,7.176680819141524,0,0,21,21,0,0,0,0.0,0.0,0,0,0,21,0.0
TSLA,m1,stop,2026-08-31,2026-09-01,2026-09-30,batch,cycle,-3.571141245415732,-3.571141245415732,0.0,7.176680819141524,7.176680819141524,0,0,21,21,0,0,0,0.0,0.0,0,0,0,21,0.0
TSLA,m1,diamond,2026-08-31,2026-09-01,2026-09-30,daily,original,-3.571141245415732,-3.571141245415732,0.0,7.176680819141524,7.176680819141524,0,0,21,21,0,0,0,0.0,0.0,0,0,0,21,0.0
TSLA,m1,diamond,2026-08-31,2026-09-01,2026-09-30,daily,cycle,-3.571141245415732,-3.571141245415732,0.0,7.176680819141524,7.176680819141524,0,0,21,21,0,0,0,0.0,0.0,0,0,0,21,0.0
TSLA,m1,diamond,2026-08-31,2026-09-01,2026-09-30,batch,original,-3.571141245415732,-3.571141245415732,0.0,7.176680819141524,7.176680819141524,0,0,21,21,0,0,0,0.0,0.0,0,0,0,21,0.0
TSLA,m1,diamond,2026-08-31,2026-09-01,2026-09-30,batch,cycle,-3.571141245415732,-3.571141245415732,0.0,7.176680819141524,7.176680819141524,0,0,21,21,0,0,0,0.0,0.0,0,0,0,21,0.0
TSLA,m3,live,2026-07-01,2026-07-02,2026-09-30,daily,original,-8.874986624948434,-16.574181109238285,9.228791022562488,10.6062043732834,29.85656809624985,10,10,53,36,0,2,6,98.10017284583581,90.68046764001078,53,8,2,63,0.435204262440271
TSLA,m3,live,2026-07-01,2026-07-02,2026-09-30,daily,cycle,-8.439782362508163,-16.574181109238285,9.750457178468164,10.901999748616332,29.85656809624985,17,17,46,10,2,4,7,62.93273402059205,79.10683163454742,24,9,2,63,0.435204262440271
TSLA,m3,live,2026-07-01,2026-07-02,2026-09-30,batch,original,-9.517740243959738,-16.574181109238285,8.458341744919862,11.236746784506357,29.85656809624985,10,6,57,36,0,2,6,98.10017284583581,96.05871944855718,59,8,2,63,-0.6891423413362467
TSLA,m3,live,2026-07-01,2026-07-02,2026-09-30,batch,cycle,-10.206882585295984,-16.574181109238285,7.632287712128649,12.621579497951718,29.85656809624985,17,13,50,10,2,4,7,62.932734020592065,84.32008848301264,30,9,2,63,-0.6891423413362467
TSLA,m3,trend,2026-07-01,2026-07-02,2026-09-30,daily,original,-16.574181109238285,-16.574181109238285,0.0,29.856568096249838,29.85656809624985,0,0,63,63,0,0,0,0.0,0.0,0,0,0,63,0.0
TSLA,m3,trend,2026-07-01,2026-07-02,2026-09-30,daily,cycle,-16.574181109238285,-16.574181109238285,0.0,29.856568096249838,29.85656809624985,0,0,63,63,0,0,0,0.0,0.0,0,0,0,63,0.0
TSLA,m3,trend,2026-07-01,2026-07-02,2026-09-30,batch,original,-16.574181109238285,-16.574181109238285,0.0,29.856568096249838,29.85656809624985,0,0,63,63,0,0,0,0.0,0.0,0,0,0,63,0.0
TSLA,m3,trend,2026-07-01,2026-07-02,2026-09-30,batch,cycle,-16.574181109238285,-16.574181109238285,0.0,29.856568096249838,29.85656809624985,0,0,63,63,0,0,0,0.0,0.0,0,0,0,63,0.0
TSLA,m3,range,2026-07-01,2026-07-02,2026-09-30,daily,original,-16.574181109238285,-16.574181109238285,0.0,29.856568096249838,29.85656809624985,0,0,63,63,0,0,0,0.0,0.0,0,0,0,63,0.0
TSLA,m3,range,2026-07-01,2026-07-02,2026-09-30,daily,cycle,-16.574181109238285,-16.574181109238285,0.0,29.856568096249838,29.85656809624985,0,0,63,63,0,0,0,0.0,0.0,0,0,0,63,0.0
TSLA,m3,range,2026-07-01,2026-07-02,2026-09-30,batch,original,-16.574181109238285,-16.574181109238285,0.0,29.856568096249838,29.85656809624985,0,0,63,63,0,0,0,0.0,0.0,0,0,0,63,0.0
TSLA,m3,range,2026-07-01,2026-07-02,2026-09-30,batch,cycle,-16.574181109238285,-16.574181109238285,0.0,29.856568096249838,29.85656809624985,0,0,63,63,0,0,0,0.0,0.0,0,0,0,63,0.0
TSLA,m3,scalp,2026-07-01,2026-07-02,2026-09-30,daily,original,-16.574181109238285,-16.574181109238285,0.0,29.856568096249838,29.85656809624985,0,0,63,63,0,0,0,0.0,0.0,0,0,0,63,0.0
TSLA,m3,scalp,2026-07-01,2026-07-02,2026-09-30,daily,cycle,-16.574181109238285,-16.574181109238285,0.0,29.856568096249838,29.85656809624985,0,0,63,63,0,0,0,0.0,0.0,0,0,0,63,0.0
TSLA,m3,scalp,2026-07-01,2026-07-02,2026-09-30,batch,original,-16.574181109238285,-16.574181109238285,0.0,29.856568096249838,29.85656809624985,0,0,63,63,0,0,0,0.0,0.0,0,0,0,63,0.0
TSLA,m3,scalp,2026-07-01,2026-07-02,2026-09-30,batch,cycle,-16.574181109238285,-16.574181109238285,0.0,29.856568096249838,29.85656809624985,0,0,63,63,0,0,0,0.0,0.0,0,0,0,63,0.0
TSLA,m3,stop,2026-07-01,2026-07-02,2026-09-30,daily,original,-20.386075775451484,-16.574181109238285,-4.569202576488351,20.386075775451484,29.85656809624985,5,5,58,46,0,0,5,100.0,78.79913089623673,48,5,2,63,0.5470752223150406
TSLA,m3,stop,2026-07-01,2026-07-02,2026-09-30,daily,cycle,-19.839000553136444,-16.574181109238285,-3.9134400924168644,20.877882242455236,29.85656809624985,6,6,57,32,1,0,5,74.36836446140522,65.25034581053087,15,5,2,63,0.5470752223150406
TSLA,m3,stop,2026-07-01,2026-07-02,2026-09-30,batch,original,-8.457891414060438,-16.574181109238285,9.728750407359342,17.122007930823635,29.85656809624985,8,3,60,29,0,1,5,70.34438568551091,49.19368529290631,3,5,0,63,0.0
TSLA,m3,stop,2026-07-01,2026-07-02,2026-09-30,batch,cycle,-8.457891414060438,-16.574181109238285,9.728750407359342,17.122007930823635,29.85656809624985,8,3,60,29,0,1,5,70.34438568551091,49.19368529290631,3,5,0,63,0.0
TSLA,m3,diamond,2026-07-01,2026-07-02,2026-09-30,daily,original,-16.574181109238285,-16.574181109238285,0.0,29.856568096249838,29.85656809624985,0,0,63,63,0,0,0,0.0,0.0,0,0,0,63,0.0
TSLA,m3,diamond,2026-07-01,2026-07-02,2026-09-30,daily,cycle,-16.574181109238285,-16.574181109238285,0.0,29.856568096249838,29.85656809624985,0,0,63,63,0,0,0,0.0,0.0,0,0,0,63,0.0
TSLA,m3,diamond,2026-07-01,2026-07-02,2026-09-30,batch,original,-16.574181109238285,-16.574181109238285,0.0,29.856568096249838,29.85656809624985,0,0,63,63,0,0,0,0.0,0.0,0,0,0,63,0.0
TSLA,m3,diamond,2026-07-01,2026-07-02,2026-09-30,batch,cycle,-16.574181109238285,-16.574181109238285,0.0,29.856568096249838,29.85656809624985,0,0,63,63,0,0,0,0.0,0.0,0,0,0,63,0.0
TSLA,ytd,live,2025-12-31,2026-01-02,2026-09-30,daily,original,-8.85007863773466,-21.10424339688901,15.53209613135409,11.193452974001584,33.95177929562754,15,15,172,64,0,4,7,96.36073896092357,86.6610039202053,157,11,5,187,-3.160063861717221
TSLA,ytd,live,2025-12-31,2026-01-02,2026-09-30,daily,cycle,-12.01014249945188,-21.10424339688901,11.526730066339862,15.068196185432924,33.95177929562754,32,32,155,15,5,7,12,61.18369243904681,75.58477394073391,92,18,4,187,-3.160063861717221
TSLA,ytd,live,2025-12-31,2026-01-02,2026-09-30,batch,original,-8.41381055729058,-21.10424339688901,16.085063869072556,10.897550274482825,33.95177929562754,18,13,174,64,0,5,8,95.36985973101056,86.71074155298292,144,13,4,187,-5.141687511361493
TSLA,ytd,live,2025-12-31,2026-01-02,2026-09-30,batch,cycle,-13.555498068652073,-21.10424339688901,9.567999158955121,16.58010903122109,33.95177929562754,31,25,162,21,5,7,12,61.071710004917804,80.5869268348157,99,17,5,187,-5.141687511361493
TSLA,ytd,trend,2025-12-31,2026-01-02,2026-09-30,daily,original,-21.104243396889,-21.10424339688901,2.220446049250313e-14,33.95177929562754,33.95177929562754,0,0,187,187,0,0,0,0.0,0.0,0,0,0,187,0.0
TSLA,ytd,trend,2025-12-31,2026-01-02,2026-09-30,daily,cycle,-21.104243396889,-21.10424339688901,2.220446049250313e-14,33.95177929562754,33.95177929562754,0,0,187,187,0,0,0,0.0,0.0,0,0,0,187,0.0
TSLA,ytd,trend,2025-12-31,2026-01-02,2026-09-30,batch,original,-21.104243396889,-21.10424339688901,2.220446049250313e-14,33.95177929562754,33.95177929562754,0,0,187,187,0,0,0,0.0,0.0,0,0,0,187,0.0
TSLA,ytd,trend,2025-12-31,2026-01-02,2026-09-30,batch,cycle,-21.104243396889,-21.10424339688901,2.220446049250313e-14,33.95177929562754,33.95177929562754,0,0,187,187,0,0,0,0.0,0.0,0,0,0,187,0.0
TSLA,ytd,range,2025-12-31,2026-01-02,2026-09-30,daily,original,-21.104243396889,-21.10424339688901,2.220446049250313e-14,33.95177929562754,33.95177929562754,0,0,187,187,0,0,0,0.0,0.0,0,0,0,187,0.0
TSLA,ytd,range,2025-12-31,2026-01-02,2026-09-30,daily,cycle,-21.104243396889,-21.10424339688901,2.220446049250313e-14,33.95177929562754,33.95177929562754,0,0,187,187,0,0,0,0.0,0.0,0,0,0,187,0.0
TSLA,ytd,range,2025-12-31,2026-01-02,2026-09-30,batch,original,-21.104243396889,-21.10424339688901,2.220446049250313e-14,33.95177929562754,33.95177929562754,0,0,187,187,0,0,0,0.0,0.0,0,0,0,187,0.0
TSLA,ytd,range,2025-12-31,2026-01-02,2026-09-30,batch,cycle,-21.104243396889,-21.10424339688901,2.220446049250313e-14,33.95177929562754,33.95177929562754,0,0,187,187,0,0,0,0.0,0.0,0,0,0,187,0.0
TSLA,ytd,scalp,2025-12-31,2026-01-02,2026-09-30,daily,original,-21.104243396889,-21.10424339688901,2.220446049250313e-14,33.95177929562754,33.95177929562754,0,0,187,187,0,0,0,0.0,0.0,0,0,0,187,0.0
TSLA,ytd,scalp,2025-12-31,2026-01-02,2026-09-30,daily,cycle,-21.104243396889,-21.10424339688901,2.220446049250313e-14,33.95177929562754,33.95177929562754,0,0,187,187,0,0,0,0.0,0.0,0,0,0,187,0.0
TSLA,ytd,scalp,2025-12-31,2026-01-02,2026-09-30,batch,original,-21.104243396889,-21.10424339688901,2.220446049250313e-14,33.95177929562754,33.95177929562754,0,0,187,187,0,0,0,0.0,0.0,0,0,0,187,0.0
TSLA,ytd,scalp,2025-12-31,2026-01-02,2026-09-30,batch,cycle,-21.104243396889,-21.10424339688901,2.220446049250313e-14,33.95177929562754,33.95177929562754,0,0,187,187,0,0,0,0.0,0.0,0,0,0,187,0.0
TSLA,ytd,stop,2025-12-31,2026-01-02,2026-09-30,daily,original,-19.241546691105192,-21.10424339688901,2.3609593037483556,20.08938794474823,33.95177929562754,12,12,175,46,0,2,8,96.10082861224222,53.55402870218483,61,10,2,187,0.5470752223150299
TSLA,ytd,stop,2025-12-31,2026-01-02,2026-09-30,daily,cycle,-18.694471468790162,-21.10424339688901,3.0543745720334803,20.238420124346533,33.95177929562754,13,13,174,40,1,2,8,70.85624292100205,49.062769883413516,28,10,2,187,0.5470752223150299
TSLA,ytd,stop,2025-12-31,2026-01-02,2026-09-30,batch,original,-18.5929106905799,-21.10424339688901,3.1831023801983216,19.419357437749685,33.95177929562754,12,6,181,48,0,2,8,96.31938070586827,62.090601587645914,70,10,1,187,0.5470752223150299
TSLA,ytd,stop,2025-12-31,2026-01-02,2026-09-30,batch,cycle,-18.04583546826487,-21.10424339688901,3.8765176484834463,19.584900730422273,33.95177929562754,13,7,180,48,1,2,8,71.27313737776913,57.63426068847441,37,10,1,187,0.5470752223150299
TSLA,ytd,diamond,2025-12-31,2026-01-02,2026-09-30,daily,original,-21.104243396889,-21.10424339688901,2.220446049250313e-14,33.95177929562754,33.95177929562754,0,0,187,187,0,0,0,0.0,0.0,0,0,0,187,0.0
TSLA,ytd,diamond,2025-12-31,2026-01-02,2026-09-30,daily,cycle,-21.104243396889,-21.10424339688901,2.220446049250313e-14,33.95177929562754,33.95177929562754,0,0,187,187,0,0,0,0.0,0.0,0,0,0,187,0.0
TSLA,ytd,diamond,2025-12-31,2026-01-02,2026-09-30,batch,original,-21.104243396889,-21.10424339688901,2.220446049250313e-14,33.95177929562754,33.95177929562754,0,0,187,187,0,0,0,0.0,0.0,0,0,0,187,0.0
TSLA,ytd,diamond,2025-12-31,2026-01-02,2026-09-30,batch,cycle,-21.104243396889,-21.10424339688901,2.220446049250313e-14,33.95177929562754,33.95177929562754,0,0,187,187,0,0,0,0.0,0.0,0,0,0,187,0.0
TSLA,year,live,2025-09-29,2025-09-30,2026-09-30,daily,original,-8.287899517041842,-19.94539735132397,14.561933291258345,13.539819376462958,39.10345301895269,17,17,235,81,0,5,7,95.50988509626161,85.65680952361336,202,12,10,252,-5.527568159321927
TSLA,year,live,2025-09-29,2025-09-30,2026-09-30,daily,cycle,-13.815467676363768,-19.94539735132397,7.6571858108667845,19.673085093653555,39.10345301895269,41,41,211,21,7,9,14,59.650169856418664,75.16708942223724,108,23,12,252,-5.527568159321927
TSLA,year,live,2025-09-29,2025-09-30,2026-09-30,batch,original,-10.342552192978916,-19.94539735132397,11.995369211296536,13.818495602089264,39.10345301895269,17,12,240,73,0,5,9,97.7851765761896,92.53364112701972,222,12,8,252,-5.3433728124527065
TSLA,year,live,2025-09-29,2025-09-30,2026-09-30,batch,cycle,-15.685925005431622,-19.94539735132397,5.320708872399615,21.362498682019183,39.10345301895269,41,34,218,21,7,9,15,59.965458490354685,82.13384009779794,127,23,12,252,-5.3433728124527065
TSLA,year,trend,2025-09-29,2025-09-30,2026-09-30,daily,original,-19.94539735132397,-19.94539735132397,0.0,39.10345301895269,39.10345301895269,0,0,252,252,0,0,0,0.0,0.0,0,0,0,252,0.0
TSLA,year,trend,2025-09-29,2025-09-30,2026-09-30,daily,cycle,-19.94539735132397,-19.94539735132397,0.0,39.10345301895269,39.10345301895269,0,0,252,252,0,0,0,0.0,0.0,0,0,0,252,0.0
TSLA,year,trend,2025-09-29,2025-09-30,2026-09-30,batch,original,-19.94539735132397,-19.94539735132397,0.0,39.10345301895269,39.10345301895269,0,0,252,252,0,0,0,0.0,0.0,0,0,0,252,0.0
TSLA,year,trend,2025-09-29,2025-09-30,2026-09-30,batch,cycle,-19.94539735132397,-19.94539735132397,0.0,39.10345301895269,39.10345301895269,0,0,252,252,0,0,0,0.0,0.0,0,0,0,252,0.0
TSLA,year,range,2025-09-29,2025-09-30,2026-09-30,daily,original,-19.94539735132397,-19.94539735132397,0.0,39.10345301895269,39.10345301895269,0,0,252,252,0,0,0,0.0,0.0,0,0,0,252,0.0
TSLA,year,range,2025-09-29,2025-09-30,2026-09-30,daily,cycle,-19.94539735132397,-19.94539735132397,0.0,39.10345301895269,39.10345301895269,0,0,252,252,0,0,0,0.0,0.0,0,0,0,252,0.0
TSLA,year,range,2025-09-29,2025-09-30,2026-09-30,batch,original,-19.94539735132397,-19.94539735132397,0.0,39.10345301895269,39.10345301895269,0,0,252,252,0,0,0,0.0,0.0,0,0,0,252,0.0
TSLA,year,range,2025-09-29,2025-09-30,2026-09-30,batch,cycle,-19.94539735132397,-19.94539735132397,0.0,39.10345301895269,39.10345301895269,0,0,252,252,0,0,0,0.0,0.0,0,0,0,252,0.0
TSLA,year,scalp,2025-09-29,2025-09-30,2026-09-30,daily,original,-8.015734105100837,-19.94539735132397,14.901908012181519,27.68371629425116,39.10345301895269,38,38,214,27,0,16,0,16.921535314049052,23.08020016997299,0,22,8,252,0.0
TSLA,year,scalp,2025-09-29,2025-09-30,2026-09-30,daily,cycle,-8.015734105100837,-19.94539735132397,14.901908012181519,27.68371629425116,39.10345301895269,38,38,214,27,0,16,0,16.921535314049052,23.08020016997299,0,22,8,252,0.0
TSLA,year,scalp,2025-09-29,2025-09-30,2026-09-30,batch,original,-3.3783944727969306,-19.94539735132397,20.69462882881603,24.268121307649015,39.10345301895269,37,31,221,27,0,15,0,23.119050297934006,34.7230617600952,8,22,7,252,0.0
TSLA,year,scalp,2025-09-29,2025-09-30,2026-09-30,batch,cycle,-3.3783944727969306,-19.94539735132397,20.69462882881603,24.268121307649015,39.10345301895269,37,31,221,27,0,15,0,23.119050297934006,34.7230617600952,8,22,7,252,0.0
TSLA,year,stop,2025-09-29,2025-09-30,2026-09-30,daily,original,-20.86085156462242,-19.94539735132397,-1.1435372645792308,28.816577659481226,39.10345301895269,12,12,240,117,0,2,8,96.34829174814807,41.59665724876241,54,10,3,252,2.0187745577230913
TSLA,year,stop,2025-09-29,2025-09-30,2026-09-30,daily,cycle,-18.842077006899327,-19.94539735132397,1.378209756741433,28.82190619926869,39.10345301895269,14,14,238,117,1,2,8,81.51997387506071,37.876612282572815,22,10,3,252,2.0187745577230913
TSLA,year,stop,2025-09-29,2025-09-30,2026-09-30,batch,original,-9.60668103589154,-19.94539735132397,12.914580765336447,25.95862585220615,39.10345301895269,8,3,249,117,0,1,5,70.3443856855109,45.234929259734514,86,5,0,252,-17.257475413657254
TSLA,year,stop,2025-09-29,2025-09-30,2026-09-30,batch,cycle,-26.864156449548794,-19.94539735132397,-8.642550046233033,34.2759561939439,39.10345301895269,13,8,244,117,3,1,9,73.50042494056078,41.95408081649207,56,9,1,252,-17.257475413657254
TSLA,year,diamond,2025-09-29,2025-09-30,2026-09-30,daily,original,-19.94539735132397,-19.94539735132397,0.0,39.10345301895269,39.10345301895269,0,0,252,252,0,0,0,0.0,0.0,0,0,0,252,0.0
TSLA,year,diamond,2025-09-29,2025-09-30,2026-09-30,daily,cycle,-19.94539735132397,-19.94539735132397,0.0,39.10345301895269,39.10345301895269,0,0,252,252,0,0,0,0.0,0.0,0,0,0,252,0.0
TSLA,year,diamond,2025-09-29,2025-09-30,2026-09-30,batch,original,-19.94539735132397,-19.94539735132397,0.0,39.10345301895269,39.10345301895269,0,0,252,252,0,0,0,0.0,0.0,0,0,0,252,0.0
TSLA,year,diamond,2025-09-29,2025-09-30,2026-09-30,batch,cycle,-19.94539735132397,-19.94539735132397,0.0,39.10345301895269,39.10345301895269,0,0,252,252,0,0,0,0.0,0.0,0,0,0,252,0.0
GME,m1,live,2026-08-31,2026-09-01,2026-09-30,daily,original,16.581646190736944,34.11317053347547,-13.07218692467088,1.7680715584060258,6.514792319316065,6,6,15,10,0,0,0,85.64813009814374,55.92814472913013,11,0,0,21,0.3827454905526615
GME,m1,live,2026-08-31,2026-09-01,2026-09-30,daily,cycle,16.964391681289605,34.11317053347547,-12.786796989416816,2.0866072166284777,6.514792319316065,7,7,14,6,1,0,0,68.2947161112609,50.20914050593994,4,0,0,21,0.3827454905526615
GME,m1,live,2026-08-31,2026-09-01,2026-09-30,batch,original,11.492554248903897,34.11317053347547,-16.86681195783476,1.7680715584060258,6.514792319316065,6,2,19,14,0,0,0,89.5575499840893,66.6436223132272,15,0,0,21,1.5366295332608573
GME,m1,live,2026-08-31,2026-09-01,2026-09-30,batch,cycle,13.029183782164754,34.11317053347547,-15.721041168024607,1.7680715584060258,6.514792319316065,9,5,16,6,1,0,0,88.22574903945763,62.232102347607785,12,0,0,21,1.5366295332608573
GME,m1,trend,2026-08-31,2026-09-01,2026-09-30,daily,original,34.41849675037973,34.11317053347547,0.22766311145261398,4.443354073336092,6.514792319316065,5,5,16,14,0,1,0,20.36141922268063,7.045622914042114,0,0,0,21,0.0
GME,m1,trend,2026-08-31,2026-09-01,2026-09-30,daily,cycle,34.41849675037973,34.11317053347547,0.22766311145261398,4.443354073336092,6.514792319316065,5,5,16,14,0,1,0,20.36141922268063,7.045622914042114,0,0,0,21,0.0
GME,m1,trend,2026-08-31,2026-09-01,2026-09-30,batch,original,32.66928602662211,34.11317053347547,-1.0766164882314633,4.085938106602194,6.514792319316065,4,1,20,14,0,0,0,37.63116656102438,12.708430045160247,0,0,0,21,0.28083261404585613
GME,m1,trend,2026-08-31,2026-09-01,2026-09-30,batch,cycle,32.95011864066797,34.11317053347547,-0.8672167604278691,5.129842633718518,6.514792319316065,6,3,18,14,1,1,0,11.254690271613603,6.898911928633741,0,0,0,21,0.28083261404585613
GME,m1,range,2026-08-31,2026-09-01,2026-09-30,daily,original,29.82013771975165,34.11317053347547,-3.2010523624540266,4.032327420197335,6.514792319316065,4,4,17,11,0,0,0,38.45705364122727,16.721415980691447,0,0,0,21,0.0
GME,m1,range,2026-08-31,2026-09-01,2026-09-30,daily,cycle,29.82013771975165,34.11317053347547,-3.2010523624540266,4.032327420197335,6.514792319316065,4,4,17,11,0,0,0,38.45705364122727,16.721415980691447,0,0,0,21,0.0
GME,m1,range,2026-08-31,2026-09-01,2026-09-30,batch,original,29.845291807061415,34.11317053347547,-3.1822964958902245,4.0328110821465035,6.514792319316065,4,1,20,11,0,0,0,38.449603605330665,18.75297828112082,0,0,0,21,0.0
GME,m1,range,2026-08-31,2026-09-01,2026-09-30,batch,cycle,29.845291807061415,34.11317053347547,-3.1822964958902245,4.0328110821465035,6.514792319316065,4,1,20,11,0,0,0,38.449603605330665,18.75297828112082,0,0,0,21,0.0
GME,m1,scalp,2026-08-31,2026-09-01,2026-09-30,daily,original,16.581646190736944,34.11317053347547,-13.07218692467088,1.7680715584060258,6.514792319316065,6,6,15,10,0,0,0,85.64813009814374,55.92814472913013,11,0,0,21,0.3827454905526615
GME,m1,scalp,2026-08-31,2026-09-01,2026-09-30,daily,cycle,16.964391681289605,34.11317053347547,-12.786796989416816,2.0866072166284777,6.514792319316065,7,7,14,6,1,0,0,68.2947161112609,50.20914050593994,4,0,0,21,0.3827454905526615
GME,m1,scalp,2026-08-31,2026-09-01,2026-09-30,batch,original,11.492554248903897,34.11317053347547,-16.86681195783476,1.7680715584060258,6.514792319316065,6,2,19,14,0,0,0,89.5575499840893,66.6436223132272,15,0,0,21,1.5366295332608573
GME,m1,scalp,2026-08-31,2026-09-01,2026-09-30,batch,cycle,13.029183782164754,34.11317053347547,-15.721041168024607,1.7680715584060258,6.514792319316065,9,5,16,6,1,0,0,88.22574903945763,62.232102347607785,12,0,0,21,1.5366295332608573
GME,m1,stop,2026-08-31,2026-09-01,2026-09-30,daily,original,25.637644881430788,34.11317053347547,-6.319681816730405,1.7680715584060258,6.514792319316065,7,7,14,7,0,0,0,79.4745874886722,36.28461579917014,1,0,0,21,0.0
GME,m1,stop,2026-08-31,2026-09-01,2026-09-30,daily,cycle,25.637644881430788,34.11317053347547,-6.319681816730405,1.7680715584060258,6.514792319316065,7,7,14,7,0,0,0,79.4745874886722,36.28461579917014,1,0,0,21,0.0
GME,m1,stop,2026-08-31,2026-09-01,2026-09-30,batch,original,24.276142431702752,34.11317053347547,-7.334871036634938,1.7680715584060258,6.514792319316065,7,2,19,7,0,0,0,80.34526824396211,41.02988258201784,7,0,0,21,0.0
GME,m1,stop,2026-08-31,2026-09-01,2026-09-30,batch,cycle,24.276142431702752,34.11317053347547,-7.334871036634938,1.7680715584060258,6.514792319316065,7,2,19,7,0,0,0,80.34526824396211,41.02988258201784,7,0,0,21,0.0
GME,m1,diamond,2026-08-31,2026-09-01,2026-09-30,daily,original,34.11317053347547,34.11317053347547,0.0,6.514792319316065,6.514792319316065,0,0,21,21,0,0,0,0.0,0.0,0,0,0,21,0.0
GME,m1,diamond,2026-08-31,2026-09-01,2026-09-30,daily,cycle,34.11317053347547,34.11317053347547,0.0,6.514792319316065,6.514792319316065,0,0,21,21,0,0,0,0.0,0.0,0,0,0,21,0.0
GME,m1,diamond,2026-08-31,2026-09-01,2026-09-30,batch,original,34.11317053347547,34.11317053347547,0.0,6.514792319316065,6.514792319316065,0,0,21,21,0,0,0,0.0,0.0,0,0,0,21,0.0
GME,m1,diamond,2026-08-31,2026-09-01,2026-09-30,batch,cycle,34.11317053347547,34.11317053347547,0.0,6.514792319316065,6.514792319316065,0,0,21,21,0,0,0,0.0,0.0,0,0,0,21,0.0
GME,m3,live,2026-07-01,2026-07-02,2026-09-30,daily,original,-10.456184416522596,8.878093123098129,-17.757729755389175,12.99776527151425,21.691493960508357,8,8,55,15,0,1,5,98.02103981696463,65.66268278419115,36,5,0,63,1.790425363019132
GME,m3,live,2026-07-01,2026-07-02,2026-09-30,daily,cycle,-8.665759053503464,8.878093123098129,-16.113298528076193,12.99776527151425,21.691493960508357,11,11,52,14,1,1,5,95.97522837219333,63.654561792174974,32,5,0,63,1.790425363019132
GME,m3,live,2026-07-01,2026-07-02,2026-09-30,batch,original,-7.6293074971723,8.878093123098129,-15.16136088240183,8.35791192583838,21.691493960508357,7,3,60,30,0,1,6,100.0,74.3334064318713,47,6,1,63,3.0382587314369047
GME,m3,live,2026-07-01,2026-07-02,2026-09-30,batch,cycle,-4.591048765735395,8.878093123098129,-12.370846606952647,8.553243391250342,21.691493960508357,12,8,55,14,2,1,6,86.95898654672254,69.99523090396764,41,6,1,63,3.0382587314369047
GME,m3,trend,2026-07-01,2026-07-02,2026-09-30,daily,original,8.878093123098129,8.878093123098129,0.0,21.691493960508357,21.691493960508357,0,0,63,63,0,0,0,0.0,0.0,0,0,0,63,0.0
GME,m3,trend,2026-07-01,2026-07-02,2026-09-30,daily,cycle,8.878093123098129,8.878093123098129,0.0,21.691493960508357,21.691493960508357,0,0,63,63,0,0,0,0.0,0.0,0,0,0,63,0.0
GME,m3,trend,2026-07-01,2026-07-02,2026-09-30,batch,original,8.878093123098129,8.878093123098129,0.0,21.691493960508357,21.691493960508357,0,0,63,63,0,0,0,0.0,0.0,0,0,0,63,0.0
GME,m3,trend,2026-07-01,2026-07-02,2026-09-30,batch,cycle,8.878093123098129,8.878093123098129,0.0,21.691493960508357,21.691493960508357,0,0,63,63,0,0,0,0.0,0.0,0,0,0,63,0.0
GME,m3,range,2026-07-01,2026-07-02,2026-09-30,daily,original,8.878093123098129,8.878093123098129,0.0,21.691493960508357,21.691493960508357,0,0,63,63,0,0,0,0.0,0.0,0,0,0,63,0.0
GME,m3,range,2026-07-01,2026-07-02,2026-09-30,daily,cycle,8.878093123098129,8.878093123098129,0.0,21.691493960508357,21.691493960508357,0,0,63,63,0,0,0,0.0,0.0,0,0,0,63,0.0
GME,m3,range,2026-07-01,2026-07-02,2026-09-30,batch,original,8.878093123098129,8.878093123098129,0.0,21.691493960508357,21.691493960508357,0,0,63,63,0,0,0,0.0,0.0,0,0,0,63,0.0
GME,m3,range,2026-07-01,2026-07-02,2026-09-30,batch,cycle,8.878093123098129,8.878093123098129,0.0,21.691493960508357,21.691493960508357,0,0,63,63,0,0,0,0.0,0.0,0,0,0,63,0.0
GME,m3,scalp,2026-07-01,2026-07-02,2026-09-30,daily,original,8.59516986202875,8.878093123098129,-0.2598532477506854,21.691493960508357,21.691493960508357,5,5,58,56,0,1,0,41.34653122767462,4.017507704729804,0,0,0,63,0.0
GME,m3,scalp,2026-07-01,2026-07-02,2026-09-30,daily,cycle,8.59516986202875,8.878093123098129,-0.2598532477506854,21.691493960508357,21.691493960508357,5,5,58,56,0,1,0,41.34653122767462,4.017507704729804,0,0,0,63,0.0
GME,m3,scalp,2026-07-01,2026-07-02,2026-09-30,batch,original,9.057941354623921,8.878093123098129,0.16518312028339643,21.691493960508357,21.691493960508357,8,4,59,56,0,1,0,82.34216648698234,7.786322205512717,2,0,0,63,0.0
GME,m3,scalp,2026-07-01,2026-07-02,2026-09-30,batch,cycle,9.057941354623921,8.878093123098129,0.16518312028339643,21.691493960508357,21.691493960508357,8,4,59,56,0,1,0,82.34216648698234,7.786322205512717,2,0,0,63,0.0
GME,m3,stop,2026-07-01,2026-07-02,2026-09-30,daily,original,-16.057466985572123,8.878093123098129,-22.90227482261099,16.82372345448997,21.691493960508357,5,5,58,37,0,0,5,100.0,64.07050271305484,39,5,0,63,3.282190568796274
GME,m3,stop,2026-07-01,2026-07-02,2026-09-30,daily,cycle,-12.77527641677585,8.878093123098129,-19.887719300330296,16.847921224051674,21.691493960508357,7,7,56,23,1,0,5,84.69858656982525,59.32776775610091,30,5,0,63,3.282190568796274
GME,m3,stop,2026-07-01,2026-07-02,2026-09-30,batch,original,-16.3593068466783,8.878093123098129,-23.17950218070305,17.019050514252786,21.691493960508357,5,1,62,41,0,0,5,100.0,66.66666666666667,42,5,0,63,3.282190568796251
GME,m3,stop,2026-07-01,2026-07-02,2026-09-30,batch,cycle,-13.07711627788205,8.878093123098129,-20.164946658422377,17.147380223289332,21.691493960508357,7,3,60,27,1,0,5,84.64545238574485,61.90714309132507,33,5,0,63,3.282190568796251
GME,m3,diamond,2026-07-01,2026-07-02,2026-09-30,daily,original,8.878093123098129,8.878093123098129,0.0,21.691493960508357,21.691493960508357,0,0,63,63,0,0,0,0.0,0.0,0,0,0,63,0.0
GME,m3,diamond,2026-07-01,2026-07-02,2026-09-30,daily,cycle,8.878093123098129,8.878093123098129,0.0,21.691493960508357,21.691493960508357,0,0,63,63,0,0,0,0.0,0.0,0,0,0,63,0.0
GME,m3,diamond,2026-07-01,2026-07-02,2026-09-30,batch,original,8.878093123098129,8.878093123098129,0.0,21.691493960508357,21.691493960508357,0,0,63,63,0,0,0,0.0,0.0,0,0,0,63,0.0
GME,m3,diamond,2026-07-01,2026-07-02,2026-09-30,batch,cycle,8.878093123098129,8.878093123098129,0.0,21.691493960508357,21.691493960508357,0,0,63,63,0,0,0,0.0,0.0,0,0,0,63,0.0
GME,ytd,live,2025-12-31,2026-01-02,2026-09-30,daily,original,10.490812479370337,22.75896271009925,-9.993690040946902,7.207405935127397,32.64229032519898,16,16,171,53,0,4,3,86.99735411938923,81.47964248282953,135,12,7,187,0.7229066358263267
GME,ytd,live,2025-12-31,2026-01-02,2026-09-30,daily,cycle,11.213719115196664,22.75896271009925,-9.404807062574495,8.570427626980425,32.64229032519898,30,30,157,32,5,5,6,74.62185421579896,75.74718657902535,85,17,7,187,0.7229066358263267
GME,ytd,live,2025-12-31,2026-01-02,2026-09-30,batch,original,10.119751370541907,22.75896271009925,-10.295958079578604,6.696182228814818,32.64229032519898,14,9,178,77,0,3,2,87.22539847263141,80.19283503386256,122,9,6,187,-0.7969226543784504
GME,ytd,live,2025-12-31,2026-01-02,2026-09-30,batch,cycle,9.322828716163457,22.75896271009925,-10.945134837662184,8.49526285050305,32.64229032519898,30,25,162,32,5,5,7,75.47386135220103,77.50060263057912,87,17,9,187,-0.7969226543784504
GME,ytd,trend,2025-12-31,2026-01-02,2026-09-30,daily,original,24.989878474479752,22.75896271009925,1.8173139582882358,31.351834175775828,32.64229032519898,10,10,177,82,0,7,0,0.23530425335012667,0.6674697596885693,0,1,0,187,0.0
GME,ytd,trend,2025-12-31,2026-01-02,2026-09-30,daily,cycle,24.989878474479752,22.75896271009925,1.8173139582882358,31.351834175775828,32.64229032519898,10,10,177,82,0,7,0,0.23530425335012667,0.6674697596885693,0,1,0,187,0.0
GME,ytd,trend,2025-12-31,2026-01-02,2026-09-30,batch,original,30.127762135614745,22.75896271009925,6.002656965192199,28.37636714740227,32.64229032519898,13,10,177,82,0,7,0,0.7465316508389178,2.137255366256393,0,4,0,187,0.0
GME,ytd,trend,2025-12-31,2026-01-02,2026-09-30,batch,cycle,30.127762135614745,22.75896271009925,6.002656965192199,28.37636714740227,32.64229032519898,13,10,177,82,0,7,0,0.7465316508389178,2.137255366256393,0,4,0,187,0.0
GME,ytd,range,2025-12-31,2026-01-02,2026-09-30,daily,original,26.881733049348643,22.75896271009925,3.3584271553234624,21.28889989850614,32.64229032519898,7,7,180,78,0,2,0,28.31021636716484,33.65128087616957,0,4,0,187,-0.15201330233995947
GME,ytd,range,2025-12-31,2026-01-02,2026-09-30,daily,cycle,26.729719747008684,22.75896271009925,3.234596439435977,21.28889989850614,32.64229032519898,8,8,179,78,1,2,0,22.675481477569797,33.499113570354915,0,4,0,187,-0.15201330233995947
GME,ytd,range,2025-12-31,2026-01-02,2026-09-30,batch,original,24.425531567766967,22.75896271009925,1.3575944443285692,20.368014950582946,32.64229032519898,6,3,184,128,0,1,0,36.08611130931399,37.84596805051793,0,4,0,187,0.0
GME,ytd,range,2025-12-31,2026-01-02,2026-09-30,batch,cycle,24.425531567766967,22.75896271009925,1.3575944443285692,20.368014950582946,32.64229032519898,6,3,184,128,0,1,0,36.08611130931399,37.84596805051793,0,4,0,187,0.0
GME,ytd,scalp,2025-12-31,2026-01-02,2026-09-30,daily,original,20.137900343937034,22.75896271009925,-2.135129124829749,13.586503248968429,32.64229032519898,27,27,160,37,0,8,0,60.15908793027515,61.56649224036716,50,10,6,187,-2.3952208562398027
GME,ytd,scalp,2025-12-31,2026-01-02,2026-09-30,daily,cycle,17.74267948769723,22.75896271009925,-4.086286745716638,20.663048797885974,32.64229032519898,35,35,152,32,1,11,0,39.20317422479006,39.57249792908363,5,14,6,187,-2.3952208562398027
GME,ytd,scalp,2025-12-31,2026-01-02,2026-09-30,batch,original,16.841306212013585,22.75896271009925,-4.820549447017141,8.71805910239043,32.64229032519898,18,13,174,77,0,4,0,85.10467936975854,74.41152336366636,98,7,6,187,1.2957187440116442
GME,ytd,scalp,2025-12-31,2026-01-02,2026-09-30,batch,cycle,18.13702495602523,22.75896271009925,-3.7650511637092765,19.08895991302164,32.64229032519898,36,29,158,32,1,11,0,43.94110472473848,42.34420903928508,7,15,7,187,1.2957187440116442
GME,ytd,stop,2025-12-31,2026-01-02,2026-09-30,daily,original,20.772632564153426,22.75896271009925,-1.6180734197279278,21.955518810612507,32.64229032519898,12,12,175,65,0,3,3,48.330070024084634,35.18749217570102,0,7,1,187,3.0195130251632563
GME,ytd,stop,2025-12-31,2026-01-02,2026-09-30,daily,cycle,23.792145589316682,22.75896271009925,0.841635393789808,21.955518810612507,32.64229032519898,15,15,172,65,2,3,3,27.989138616999842,33.64363772216785,0,7,1,187,3.0195130251632563
GME,ytd,stop,2025-12-31,2026-01-02,2026-09-30,batch,original,21.141302730519683,22.75896271009925,-1.317753053518167,16.855076959485583,32.64229032519898,18,9,178,68,0,3,5,73.92601325501028,46.50705365056299,1,12,3,187,-7.290280583637697
GME,ytd,stop,2025-12-31,2026-01-02,2026-09-30,batch,cycle,13.851022146881986,22.75896271009925,-7.256448218981593,16.25814757878058,32.64229032519898,18,12,175,41,3,2,5,68.14188202687892,45.12712406205566,28,12,4,187,-7.290280583637697
GME,ytd,diamond,2025-12-31,2026-01-02,2026-09-30,daily,original,22.75896271009925,22.75896271009925,-1.1102230246251565e-14,32.64229032519898,32.64229032519898,0,0,187,187,0,0,0,0.0,0.0,0,0,0,187,0.0
GME,ytd,diamond,2025-12-31,2026-01-02,2026-09-30,daily,cycle,22.75896271009925,22.75896271009925,-1.1102230246251565e-14,32.64229032519898,32.64229032519898,0,0,187,187,0,0,0,0.0,0.0,0,0,0,187,0.0
GME,ytd,diamond,2025-12-31,2026-01-02,2026-09-30,batch,original,22.75896271009925,22.75896271009925,-1.1102230246251565e-14,32.64229032519898,32.64229032519898,0,0,187,187,0,0,0,0.0,0.0,0,0,0,187,0.0
GME,ytd,diamond,2025-12-31,2026-01-02,2026-09-30,batch,cycle,22.75896271009925,22.75896271009925,-1.1102230246251565e-14,32.64229032519898,32.64229032519898,0,0,187,187,0,0,0,0.0,0.0,0,0,0,187,0.0
GME,year,live,2025-09-29,2025-09-30,2026-09-30,daily,original,-11.663037787757347,-9.408304123770595,-2.4888966280830815,13.89088004171385,35.46406466387029,17,17,235,145,0,5,9,97.08268805944832,92.97489406299846,221,12,4,252,2.3684713630666927
GME,year,live,2025-09-29,2025-09-30,2026-09-30,daily,cycle,-9.294566424690654,-9.408304123770595,0.12554980672327964,15.539351324510752,35.46406466387029,42,42,210,32,6,9,14,79.60192751030247,83.76104829664858,154,24,6,252,2.3684713630666927
GME,year,live,2025-09-29,2025-09-30,2026-09-30,batch,original,-11.067345098284498,-9.408304123770595,-1.8313389085690135,12.608977544833488,35.46406466387029,11,7,245,177,0,3,8,100.0,96.3305334159491,247,8,2,252,0.8927677455331633
GME,year,live,2025-09-29,2025-09-30,2026-09-30,batch,cycle,-10.174577352751335,-9.408304123770595,-0.8458537193383076,16.026308777387065,35.46406466387029,44,38,214,32,7,9,16,80.94866945597325,86.14193898396985,177,25,7,252,0.8927677455331633
GME,year,trend,2025-09-29,2025-09-30,2026-09-30,daily,original,-9.408304123770595,-9.408304123770595,0.0,35.464064663870275,35.46406466387029,0,0,252,252,0,0,0,0.0,0.0,0,0,0,252,0.0
GME,year,trend,2025-09-29,2025-09-30,2026-09-30,daily,cycle,-9.408304123770595,-9.408304123770595,0.0,35.464064663870275,35.46406466387029,0,0,252,252,0,0,0,0.0,0.0,0,0,0,252,0.0
GME,year,trend,2025-09-29,2025-09-30,2026-09-30,batch,original,-9.408304123770595,-9.408304123770595,0.0,35.464064663870275,35.46406466387029,0,0,252,252,0,0,0,0.0,0.0,0,0,0,252,0.0
GME,year,trend,2025-09-29,2025-09-30,2026-09-30,batch,cycle,-9.408304123770595,-9.408304123770595,0.0,35.464064663870275,35.46406466387029,0,0,252,252,0,0,0,0.0,0.0,0,0,0,252,0.0
GME,year,range,2025-09-29,2025-09-30,2026-09-30,daily,original,-9.408304123770595,-9.408304123770595,0.0,35.464064663870275,35.46406466387029,0,0,252,252,0,0,0,0.0,0.0,0,0,0,252,0.0
GME,year,range,2025-09-29,2025-09-30,2026-09-30,daily,cycle,-9.408304123770595,-9.408304123770595,0.0,35.464064663870275,35.46406466387029,0,0,252,252,0,0,0,0.0,0.0,0,0,0,252,0.0
GME,year,range,2025-09-29,2025-09-30,2026-09-30,batch,original,-9.408304123770595,-9.408304123770595,0.0,35.464064663870275,35.46406466387029,0,0,252,252,0,0,0,0.0,0.0,0,0,0,252,0.0
GME,year,range,2025-09-29,2025-09-30,2026-09-30,batch,cycle,-9.408304123770595,-9.408304123770595,0.0,35.464064663870275,35.46406466387029,0,0,252,252,0,0,0,0.0,0.0,0,0,0,252,0.0
GME,year,scalp,2025-09-29,2025-09-30,2026-09-30,daily,original,-9.408304123770595,-9.408304123770595,0.0,35.464064663870275,35.46406466387029,0,0,252,252,0,0,0,0.0,0.0,0,0,0,252,0.0
GME,year,scalp,2025-09-29,2025-09-30,2026-09-30,daily,cycle,-9.408304123770595,-9.408304123770595,0.0,35.464064663870275,35.46406466387029,0,0,252,252,0,0,0,0.0,0.0,0,0,0,252,0.0
GME,year,scalp,2025-09-29,2025-09-30,2026-09-30,batch,original,-9.408304123770595,-9.408304123770595,0.0,35.464064663870275,35.46406466387029,0,0,252,252,0,0,0,0.0,0.0,0,0,0,252,0.0
GME,year,scalp,2025-09-29,2025-09-30,2026-09-30,batch,cycle,-9.408304123770595,-9.408304123770595,0.0,35.464064663870275,35.46406466387029,0,0,252,252,0,0,0,0.0,0.0,0,0,0,252,0.0
GME,year,stop,2025-09-29,2025-09-30,2026-09-30,daily,original,-14.738167579316508,-9.408304123770595,-5.883390750105633,21.881300854650064,35.46406466387029,15,15,237,74,0,3,8,91.24877574126272,58.90250387424283,34,10,1,252,4.343724732832799
GME,year,stop,2025-09-29,2025-09-30,2026-09-30,daily,cycle,-10.39444284648371,-9.408304123770595,-1.0885531098351664,21.881300854650064,35.46406466387029,17,17,235,74,1,3,8,75.5934736752905,57.57890702766728,23,10,1,252,4.343724732832799
GME,year,stop,2025-09-29,2025-09-30,2026-09-30,batch,original,-15.159020706097104,-9.408304123770595,-6.347951130292795,22.174021206157988,35.46406466387029,15,9,243,74,0,3,8,91.70475889530697,59.7620520187375,35,10,1,252,3.741374630266648
GME,year,stop,2025-09-29,2025-09-30,2026-09-30,batch,cycle,-11.417646075830456,-9.408304123770595,-2.218020021178446,22.174021206157988,35.46406466387029,17,11,241,74,1,3,8,76.46984698993028,58.55390093459198,24,10,1,252,3.741374630266648
GME,year,diamond,2025-09-29,2025-09-30,2026-09-30,daily,original,-9.408304123770595,-9.408304123770595,0.0,35.464064663870275,35.46406466387029,0,0,252,252,0,0,0,0.0,0.0,0,0,0,252,0.0
GME,year,diamond,2025-09-29,2025-09-30,2026-09-30,daily,cycle,-9.408304123770595,-9.408304123770595,0.0,35.464064663870275,35.46406466387029,0,0,252,252,0,0,0,0.0,0.0,0,0,0,252,0.0
GME,year,diamond,2025-09-29,2025-09-30,2026-09-30,batch,original,-9.408304123770595,-9.408304123770595,0.0,35.464064663870275,35.46406466387029,0,0,252,252,0,0,0,0.0,0.0,0,0,0,252,0.0
GME,year,diamond,2025-09-29,2025-09-30,2026-09-30,batch,cycle,-9.408304123770595,-9.408304123770595,0.0,35.464064663870275,35.46406466387029,0,0,252,252,0,0,0,0.0,0.0,0,0,0,252,0.0
AAPL,m1,live,2026-08-31,2026-09-01,2026-09-30,daily,original,5.352018681124937,5.103355719953329,0.23658898373728476,3.9212685330297314,3.9212685330297314,3,3,18,8,0,0,0,47.388745488694326,24.4781582910021,0,0,0,21,0.0
AAPL,m1,live,2026-08-31,2026-09-01,2026-09-30,daily,cycle,5.352018681124937,5.103355719953329,0.23658898373728476,3.9212685330297314,3.9212685330297314,3,3,18,8,0,0,0,47.388745488694326,24.4781582910021,0,0,0,21,0.0
AAPL,m1,live,2026-08-31,2026-09-01,2026-09-30,batch,original,5.024558777334032,5.103355719953329,-0.074970910376293,3.9212685330297314,3.9212685330297314,3,1,20,12,0,0,0,47.53650058730321,29.306523232168175,0,0,0,21,0.0
AAPL,m1,live,2026-08-31,2026-09-01,2026-09-30,batch,cycle,5.024558777334032,5.103355719953329,-0.074970910376293,3.9212685330297314,3.9212685330297314,3,1,20,12,0,0,0,47.53650058730321,29.306523232168175,0,0,0,21,0.0
AAPL,m1,trend,2026-08-31,2026-09-01,2026-09-30,daily,original,5.103355719953329,5.103355719953329,0.0,3.9212685330297314,3.9212685330297314,0,0,21,21,0,0,0,0.0,0.0,0,0,0,21,0.0
AAPL,m1,trend,2026-08-31,2026-09-01,2026-09-30,daily,cycle,5.103355719953329,5.103355719953329,0.0,3.9212685330297314,3.9212685330297314,0,0,21,21,0,0,0,0.0,0.0,0,0,0,21,0.0
AAPL,m1,trend,2026-08-31,2026-09-01,2026-09-30,batch,original,5.103355719953329,5.103355719953329,0.0,3.9212685330297314,3.9212685330297314,0,0,21,21,0,0,0,0.0,0.0,0,0,0,21,0.0
AAPL,m1,trend,2026-08-31,2026-09-01,2026-09-30,batch,cycle,5.103355719953329,5.103355719953329,0.0,3.9212685330297314,3.9212685330297314,0,0,21,21,0,0,0,0.0,0.0,0,0,0,21,0.0
AAPL,m1,range,2026-08-31,2026-09-01,2026-09-30,daily,original,5.103355719953329,5.103355719953329,0.0,3.9212685330297314,3.9212685330297314,0,0,21,21,0,0,0,0.0,0.0,0,0,0,21,0.0
AAPL,m1,range,2026-08-31,2026-09-01,2026-09-30,daily,cycle,5.103355719953329,5.103355719953329,0.0,3.9212685330297314,3.9212685330297314,0,0,21,21,0,0,0,0.0,0.0,0,0,0,21,0.0
AAPL,m1,range,2026-08-31,2026-09-01,2026-09-30,batch,original,5.103355719953329,5.103355719953329,0.0,3.9212685330297314,3.9212685330297314,0,0,21,21,0,0,0,0.0,0.0,0,0,0,21,0.0
AAPL,m1,range,2026-08-31,2026-09-01,2026-09-30,batch,cycle,5.103355719953329,5.103355719953329,0.0,3.9212685330297314,3.9212685330297314,0,0,21,21,0,0,0,0.0,0.0,0,0,0,21,0.0
AAPL,m1,scalp,2026-08-31,2026-09-01,2026-09-30,daily,original,5.352018681124937,5.103355719953329,0.23658898373728476,3.9212685330297314,3.9212685330297314,3,3,18,8,0,0,0,47.388745488694326,24.4781582910021,0,0,0,21,0.0
AAPL,m1,scalp,2026-08-31,2026-09-01,2026-09-30,daily,cycle,5.352018681124937,5.103355719953329,0.23658898373728476,3.9212685330297314,3.9212685330297314,3,3,18,8,0,0,0,47.388745488694326,24.4781582910021,0,0,0,21,0.0
AAPL,m1,scalp,2026-08-31,2026-09-01,2026-09-30,batch,original,5.024558777334032,5.103355719953329,-0.074970910376293,3.9212685330297314,3.9212685330297314,3,1,20,12,0,0,0,47.53650058730321,29.306523232168175,0,0,0,21,0.0
AAPL,m1,scalp,2026-08-31,2026-09-01,2026-09-30,batch,cycle,5.024558777334032,5.103355719953329,-0.074970910376293,3.9212685330297314,3.9212685330297314,3,1,20,12,0,0,0,47.53650058730321,29.306523232168175,0,0,0,21,0.0
AAPL,m1,stop,2026-08-31,2026-09-01,2026-09-30,daily,original,5.103355719953329,5.103355719953329,0.0,3.9212685330297314,3.9212685330297314,0,0,21,21,0,0,0,0.0,0.0,0,0,0,21,0.0
AAPL,m1,stop,2026-08-31,2026-09-01,2026-09-30,daily,cycle,5.103355719953329,5.103355719953329,0.0,3.9212685330297314,3.9212685330297314,0,0,21,21,0,0,0,0.0,0.0,0,0,0,21,0.0
AAPL,m1,stop,2026-08-31,2026-09-01,2026-09-30,batch,original,5.103355719953329,5.103355719953329,0.0,3.9212685330297314,3.9212685330297314,0,0,21,21,0,0,0,0.0,0.0,0,0,0,21,0.0
AAPL,m1,stop,2026-08-31,2026-09-01,2026-09-30,batch,cycle,5.103355719953329,5.103355719953329,0.0,3.9212685330297314,3.9212685330297314,0,0,21,21,0,0,0,0.0,0.0,0,0,0,21,0.0
AAPL,m1,diamond,2026-08-31,2026-09-01,2026-09-30,daily,original,5.103355719953329,5.103355719953329,0.0,3.9212685330297314,3.9212685330297314,0,0,21,21,0,0,0,0.0,0.0,0,0,0,21,0.0
AAPL,m1,diamond,2026-08-31,2026-09-01,2026-09-30,daily,cycle,5.103355719953329,5.103355719953329,0.0,3.9212685330297314,3.9212685330297314,0,0,21,21,0,0,0,0.0,0.0,0,0,0,21,0.0
AAPL,m1,diamond,2026-08-31,2026-09-01,2026-09-30,batch,original,5.103355719953329,5.103355719953329,0.0,3.9212685330297314,3.9212685330297314,0,0,21,21,0,0,0,0.0,0.0,0,0,0,21,0.0
AAPL,m1,diamond,2026-08-31,2026-09-01,2026-09-30,batch,cycle,5.103355719953329,5.103355719953329,0.0,3.9212685330297314,3.9212685330297314,0,0,21,21,0,0,0,0.0,0.0,0,0,0,21,0.0
AAPL,m3,live,2026-07-01,2026-07-02,2026-09-30,daily,original,10.688827182610193,13.12588609618417,-2.1542893476227842,1.4901501930462246,11.123849701819166,9,9,54,21,0,1,0,90.09115604819299,74.6759162745922,31,7,0,63,0.0
AAPL,m3,live,2026-07-01,2026-07-02,2026-09-30,daily,cycle,10.688827182610193,13.12588609618417,-2.1542893476227842,1.4901501930462246,11.123849701819166,9,9,54,21,0,1,0,90.09115604819299,74.6759162745922,31,7,0,63,0.0
AAPL,m3,live,2026-07-01,2026-07-02,2026-09-30,batch,original,10.207455942465016,13.12588609618417,-2.5798075528334685,1.4467123849787877,11.123849701819166,9,5,58,21,0,1,0,90.48466201511842,76.29274130243225,33,7,0,63,0.0
AAPL,m3,live,2026-07-01,2026-07-02,2026-09-30,batch,cycle,10.207455942465016,13.12588609618417,-2.5798075528334685,1.4467123849787877,11.123849701819166,9,5,58,21,0,1,0,90.48466201511842,76.29274130243225,33,7,0,63,0.0
AAPL,m3,trend,2026-07-01,2026-07-02,2026-09-30,daily,original,13.12588609618417,13.12588609618417,0.0,11.123849701819166,11.123849701819166,0,0,63,63,0,0,0,0.0,0.0,0,0,0,63,0.0
AAPL,m3,trend,2026-07-01,2026-07-02,2026-09-30,daily,cycle,13.12588609618417,13.12588609618417,0.0,11.123849701819166,11.123849701819166,0,0,63,63,0,0,0,0.0,0.0,0,0,0,63,0.0
AAPL,m3,trend,2026-07-01,2026-07-02,2026-09-30,batch,original,13.12588609618417,13.12588609618417,0.0,11.123849701819166,11.123849701819166,0,0,63,63,0,0,0,0.0,0.0,0,0,0,63,0.0
AAPL,m3,trend,2026-07-01,2026-07-02,2026-09-30,batch,cycle,13.12588609618417,13.12588609618417,0.0,11.123849701819166,11.123849701819166,0,0,63,63,0,0,0,0.0,0.0,0,0,0,63,0.0
AAPL,m3,range,2026-07-01,2026-07-02,2026-09-30,daily,original,13.12588609618417,13.12588609618417,0.0,11.123849701819166,11.123849701819166,0,0,63,63,0,0,0,0.0,0.0,0,0,0,63,0.0
AAPL,m3,range,2026-07-01,2026-07-02,2026-09-30,daily,cycle,13.12588609618417,13.12588609618417,0.0,11.123849701819166,11.123849701819166,0,0,63,63,0,0,0,0.0,0.0,0,0,0,63,0.0
AAPL,m3,range,2026-07-01,2026-07-02,2026-09-30,batch,original,13.12588609618417,13.12588609618417,0.0,11.123849701819166,11.123849701819166,0,0,63,63,0,0,0,0.0,0.0,0,0,0,63,0.0
AAPL,m3,range,2026-07-01,2026-07-02,2026-09-30,batch,cycle,13.12588609618417,13.12588609618417,0.0,11.123849701819166,11.123849701819166,0,0,63,63,0,0,0,0.0,0.0,0,0,0,63,0.0
AAPL,m3,scalp,2026-07-01,2026-07-02,2026-09-30,daily,original,10.688827182610193,13.12588609618417,-2.1542893476227842,1.4901501930462246,11.123849701819166,9,9,54,21,0,1,0,90.09115604819299,74.6759162745922,31,7,0,63,0.0
AAPL,m3,scalp,2026-07-01,2026-07-02,2026-09-30,daily,cycle,10.688827182610193,13.12588609618417,-2.1542893476227842,1.4901501930462246,11.123849701819166,9,9,54,21,0,1,0,90.09115604819299,74.6759162745922,31,7,0,63,0.0
AAPL,m3,scalp,2026-07-01,2026-07-02,2026-09-30,batch,original,10.207455942465016,13.12588609618417,-2.5798075528334685,1.4467123849787877,11.123849701819166,9,5,58,21,0,1,0,90.48466201511842,76.29274130243225,33,7,0,63,0.0
AAPL,m3,scalp,2026-07-01,2026-07-02,2026-09-30,batch,cycle,10.207455942465016,13.12588609618417,-2.5798075528334685,1.4467123849787877,11.123849701819166,9,5,58,21,0,1,0,90.48466201511842,76.29274130243225,33,7,0,63,0.0
AAPL,m3,stop,2026-07-01,2026-07-02,2026-09-30,daily,original,14.763270577728171,13.12588609618417,1.4474003590582596,9.535844337539935,11.123849701819166,4,4,59,33,0,1,0,35.97144029114162,9.581694531780332,0,1,0,63,0.0
AAPL,m3,stop,2026-07-01,2026-07-02,2026-09-30,daily,cycle,14.763270577728171,13.12588609618417,1.4474003590582596,9.535844337539935,11.123849701819166,4,4,59,33,0,1,0,35.97144029114162,9.581694531780332,0,1,0,63,0.0
AAPL,m3,stop,2026-07-01,2026-07-02,2026-09-30,batch,original,16.30881985423136,13.12588609618417,2.813621062239391,6.53456886181406,11.123849701819166,4,2,61,41,0,1,0,21.462795421521793,17.546114229032604,0,3,0,63,0.0
AAPL,m3,stop,2026-07-01,2026-07-02,2026-09-30,batch,cycle,16.30881985423136,13.12588609618417,2.813621062239391,6.53456886181406,11.123849701819166,4,2,61,41,0,1,0,21.462795421521793,17.546114229032604,0,3,0,63,0.0
AAPL,m3,diamond,2026-07-01,2026-07-02,2026-09-30,daily,original,13.12588609618417,13.12588609618417,0.0,11.123849701819166,11.123849701819166,0,0,63,63,0,0,0,0.0,0.0,0,0,0,63,0.0
AAPL,m3,diamond,2026-07-01,2026-07-02,2026-09-30,daily,cycle,13.12588609618417,13.12588609618417,0.0,11.123849701819166,11.123849701819166,0,0,63,63,0,0,0,0.0,0.0,0,0,0,63,0.0
AAPL,m3,diamond,2026-07-01,2026-07-02,2026-09-30,batch,original,13.12588609618417,13.12588609618417,0.0,11.123849701819166,11.123849701819166,0,0,63,63,0,0,0,0.0,0.0,0,0,0,63,0.0
AAPL,m3,diamond,2026-07-01,2026-07-02,2026-09-30,batch,cycle,13.12588609618417,13.12588609618417,0.0,11.123849701819166,11.123849701819166,0,0,63,63,0,0,0,0.0,0.0,0,0,0,63,0.0
AAPL,ytd,live,2025-12-31,2026-01-02,2026-09-30,daily,original,-8.112913591885551,22.49687594995593,-24.988220560291353,8.112913591885551,12.706223591210087,5,5,182,173,0,0,5,100.0,94.19542782711967,175,5,3,187,-0.3345070309126683
AAPL,ytd,live,2025-12-31,2026-01-02,2026-09-30,daily,cycle,-8.44742062279822,22.49687594995593,-25.261294488355702,11.070225068544204,12.706223591210087,18,18,169,29,5,1,8,76.92358925436713,85.27502003746612,129,12,5,187,-0.3345070309126683
AAPL,ytd,live,2025-12-31,2026-01-02,2026-09-30,batch,original,-5.637616086157992,22.49687594995593,-22.967518002343013,5.637616086157992,12.706223591210087,5,1,186,177,0,0,5,100.0,95.18716577540107,178,5,0,187,2.2585841294221027
AAPL,ytd,live,2025-12-31,2026-01-02,2026-09-30,batch,cycle,-3.3790319567358895,22.49687594995593,-21.123728834736145,7.097778733866922,12.706223591210087,19,15,172,24,4,2,7,75.50981028874261,83.44891881001395,116,13,4,187,2.2585841294221027
AAPL,ytd,trend,2025-12-31,2026-01-02,2026-09-30,daily,original,22.49687594995593,22.49687594995593,0.0,12.706223591210076,12.706223591210087,0,0,187,187,0,0,0,0.0,0.0,0,0,0,187,0.0
AAPL,ytd,trend,2025-12-31,2026-01-02,2026-09-30,daily,cycle,22.49687594995593,22.49687594995593,0.0,12.706223591210076,12.706223591210087,0,0,187,187,0,0,0,0.0,0.0,0,0,0,187,0.0
AAPL,ytd,trend,2025-12-31,2026-01-02,2026-09-30,batch,original,22.49687594995593,22.49687594995593,0.0,12.706223591210076,12.706223591210087,0,0,187,187,0,0,0,0.0,0.0,0,0,0,187,0.0
AAPL,ytd,trend,2025-12-31,2026-01-02,2026-09-30,batch,cycle,22.49687594995593,22.49687594995593,0.0,12.706223591210076,12.706223591210087,0,0,187,187,0,0,0,0.0,0.0,0,0,0,187,0.0
AAPL,ytd,range,2025-12-31,2026-01-02,2026-09-30,daily,original,22.118373817720858,22.49687594995593,-0.30898921241852007,12.706223591210076,12.706223591210087,4,4,183,132,0,0,0,40.882463825239114,12.027066130407768,0,4,0,187,0.0
AAPL,ytd,range,2025-12-31,2026-01-02,2026-09-30,daily,cycle,22.118373817720858,22.49687594995593,-0.30898921241852007,12.706223591210076,12.706223591210087,4,4,183,132,0,0,0,40.882463825239114,12.027066130407768,0,4,0,187,0.0
AAPL,ytd,range,2025-12-31,2026-01-02,2026-09-30,batch,original,21.52710107785152,22.49687594995593,-0.7916731464242321,12.706223591210076,12.706223591210087,4,1,186,132,0,0,0,41.08137160946308,12.31123986977788,0,4,0,187,0.0
AAPL,ytd,range,2025-12-31,2026-01-02,2026-09-30,batch,cycle,21.52710107785152,22.49687594995593,-0.7916731464242321,12.706223591210076,12.706223591210087,4,1,186,132,0,0,0,41.08137160946308,12.31123986977788,0,4,0,187,0.0
AAPL,ytd,scalp,2025-12-31,2026-01-02,2026-09-30,daily,original,11.291069162582335,22.49687594995593,-9.147830669536038,11.322447428170879,12.706223591210087,9,9,178,85,0,1,0,89.60363556155644,46.61919879622177,88,8,2,187,1.3038760523735196
AAPL,ytd,scalp,2025-12-31,2026-01-02,2026-09-30,daily,cycle,12.594945214955855,22.49687594995593,-8.083414910144594,11.322447428170879,12.706223591210087,13,13,174,85,1,2,0,70.76159759905056,38.98084170308262,33,9,2,187,1.3038760523735196
AAPL,ytd,scalp,2025-12-31,2026-01-02,2026-09-30,batch,original,10.646366854843393,22.49687594995593,-9.674131689655374,11.322447428170879,12.706223591210087,9,5,182,85,0,1,0,90.12572835384957,47.62867899685114,92,8,2,187,1.3038760523735426
AAPL,ytd,scalp,2025-12-31,2026-01-02,2026-09-30,batch,cycle,11.950242907216936,22.49687594995593,-8.609715930263928,11.322447428170879,12.706223591210087,13,9,178,85,1,2,0,71.16910154086167,39.94730849304294,37,9,2,187,1.3038760523735426
AAPL,ytd,stop,2025-12-31,2026-01-02,2026-09-30,daily,original,20.83310691225946,22.49687594995593,-1.3582134440523697,11.322447428170879,12.706223591210087,5,5,182,103,0,1,0,37.730741772723334,14.129192410772243,0,4,0,187,0.0
AAPL,ytd,stop,2025-12-31,2026-01-02,2026-09-30,daily,cycle,20.83310691225946,22.49687594995593,-1.3582134440523697,11.322447428170879,12.706223591210087,5,5,182,103,0,1,0,37.730741772723334,14.129192410772243,0,4,0,187,0.0
AAPL,ytd,stop,2025-12-31,2026-01-02,2026-09-30,batch,original,23.96425992379916,22.49687594995593,1.1978950177004677,11.322447428170879,12.706223591210087,5,3,184,103,0,1,0,30.140412704308677,14.478714787424327,0,4,0,187,0.0
AAPL,ytd,stop,2025-12-31,2026-01-02,2026-09-30,batch,cycle,23.96425992379916,22.49687594995593,1.1978950177004677,11.322447428170879,12.706223591210087,5,3,184,103,0,1,0,30.140412704308677,14.478714787424327,0,4,0,187,0.0
AAPL,ytd,diamond,2025-12-31,2026-01-02,2026-09-30,daily,original,22.49687594995593,22.49687594995593,0.0,12.706223591210076,12.706223591210087,0,0,187,187,0,0,0,0.0,0.0,0,0,0,187,0.0
AAPL,ytd,diamond,2025-12-31,2026-01-02,2026-09-30,daily,cycle,22.49687594995593,22.49687594995593,0.0,12.706223591210076,12.706223591210087,0,0,187,187,0,0,0,0.0,0.0,0,0,0,187,0.0
AAPL,ytd,diamond,2025-12-31,2026-01-02,2026-09-30,batch,original,22.49687594995593,22.49687594995593,0.0,12.706223591210076,12.706223591210087,0,0,187,187,0,0,0,0.0,0.0,0,0,0,187,0.0
AAPL,ytd,diamond,2025-12-31,2026-01-02,2026-09-30,batch,cycle,22.49687594995593,22.49687594995593,0.0,12.706223591210076,12.706223591210087,0,0,187,187,0,0,0,0.0,0.0,0,0,0,187,0.0
AAPL,year,live,2025-09-29,2025-09-30,2026-09-30,daily,original,8.505822386139616,30.88865251748738,-17.10066510796825,4.956209178925075,13.82298375943205,8,8,244,175,0,1,1,90.38744873839121,79.40103304338767,197,7,1,252,1.9531002687437358
AAPL,year,live,2025-09-29,2025-09-30,2026-09-30,daily,cycle,10.458922654883352,30.88865251748738,-15.608480544082692,4.956209178925075,13.82298375943205,24,24,228,23,4,3,4,85.1076661772554,69.19779230820883,81,16,5,252,1.9531002687437358
AAPL,year,live,2025-09-29,2025-09-30,2026-09-30,batch,original,8.153606134972225,30.88865251748738,-17.369761201779976,4.956209178925075,13.82298375943205,8,4,248,175,0,1,1,90.68180719286094,79.94823571674962,199,7,1,252,1.953100268743757
AAPL,year,live,2025-09-29,2025-09-30,2026-09-30,batch,cycle,10.106706403715982,30.88865251748738,-15.87757663789443,4.956209178925075,13.82298375943205,24,20,232,23,4,3,4,85.37991392769348,69.71528184183002,83,16,5,252,1.953100268743757
AAPL,year,trend,2025-09-29,2025-09-30,2026-09-30,daily,original,32.497214841482446,30.88865251748738,1.2289547589162897,13.822983759432027,13.82298375943205,6,6,246,198,0,2,0,13.091202357343413,3.287797474062659,0,4,0,252,0.0
AAPL,year,trend,2025-09-29,2025-09-30,2026-09-30,daily,cycle,32.497214841482446,30.88865251748738,1.2289547589162897,13.822983759432027,13.82298375943205,6,6,246,198,0,2,0,13.091202357343413,3.287797474062659,0,4,0,252,0.0
AAPL,year,trend,2025-09-29,2025-09-30,2026-09-30,batch,original,32.3738063036771,30.88865251748738,1.1346696276755663,13.822983759432027,13.82298375943205,6,3,249,198,0,2,0,9.42926279664896,2.8820344626184893,0,4,0,252,0.0
AAPL,year,trend,2025-09-29,2025-09-30,2026-09-30,batch,cycle,32.3738063036771,30.88865251748738,1.1346696276755663,13.822983759432027,13.82298375943205,6,3,249,198,0,2,0,9.42926279664896,2.8820344626184893,0,4,0,252,0.0
AAPL,year,range,2025-09-29,2025-09-30,2026-09-30,daily,original,26.932665214457586,30.88865251748738,-3.02240662344756,13.822983759432027,13.82298375943205,4,4,248,162,0,0,0,39.3318771930376,14.373727403244729,0,4,0,252,0.0
AAPL,year,range,2025-09-29,2025-09-30,2026-09-30,daily,cycle,26.932665214457586,30.88865251748738,-3.02240662344756,13.822983759432027,13.82298375943205,4,4,248,162,0,0,0,39.3318771930376,14.373727403244729,0,4,0,252,0.0
AAPL,year,range,2025-09-29,2025-09-30,2026-09-30,batch,original,26.837884611676156,30.88865251748738,-3.094819778414337,13.822983759432027,13.82298375943205,4,1,251,162,0,0,0,39.36126824635178,14.551456331149819,0,4,0,252,0.0
AAPL,year,range,2025-09-29,2025-09-30,2026-09-30,batch,cycle,26.837884611676156,30.88865251748738,-3.094819778414337,13.822983759432027,13.82298375943205,4,1,251,162,0,0,0,39.36126824635178,14.551456331149819,0,4,0,252,0.0
AAPL,year,scalp,2025-09-29,2025-09-30,2026-09-30,daily,original,18.130122907169977,30.88865251748738,-9.747620870810625,4.956209178925075,13.82298375943205,21,21,231,62,0,5,0,84.0625197429525,66.41982771852165,114,16,6,252,3.4085011364465743
AAPL,year,scalp,2025-09-29,2025-09-30,2026-09-30,daily,cycle,21.53862404361655,30.88865251748738,-7.143498152081296,4.956209178925075,13.82298375943205,29,29,223,24,1,7,0,73.32969172564205,59.15158577605746,31,20,6,252,3.4085011364465743
AAPL,year,scalp,2025-09-29,2025-09-30,2026-09-30,batch,original,17.777906656002607,30.88865251748738,-10.016716964622363,4.956209178925075,13.82298375943205,21,17,235,62,0,5,0,84.31390972268804,66.92319949116765,116,16,6,252,3.1259625580819943
AAPL,year,scalp,2025-09-29,2025-09-30,2026-09-30,batch,cycle,20.9038692140846,30.88865251748738,-7.628456028354902,4.956209178925075,13.82298375943205,29,23,229,24,1,7,0,73.71467837886917,59.72796511551387,33,20,7,252,3.1259625580819943
AAPL,year,stop,2025-09-29,2025-09-30,2026-09-30,daily,original,28.71291668332354,30.88865251748738,-1.6622799549969702,13.822983759432027,13.82298375943205,8,8,244,152,0,1,0,38.7888406319275,18.78761468382428,12,7,0,252,-0.7411628787994182
AAPL,year,stop,2025-09-29,2025-09-30,2026-09-30,daily,cycle,27.971753804524123,30.88865251748738,-2.2285344503592763,13.822983759432027,13.82298375943205,9,9,243,152,1,1,0,31.199266200756337,16.45305406981009,0,7,0,252,-0.7411628787994182
AAPL,year,stop,2025-09-29,2025-09-30,2026-09-30,batch,original,23.886527211487074,30.88865251748738,-5.34968094737226,13.822983759432027,13.82298375943205,7,2,250,152,0,0,0,80.59794898402937,25.162292804084036,54,7,0,252,0.20555995328246368
AAPL,year,stop,2025-09-29,2025-09-30,2026-09-30,batch,cycle,24.092087164769538,30.88865251748738,-5.192631463456898,13.822983759432027,13.82298375943205,8,3,249,152,1,0,0,64.3477773840442,21.666648731523665,0,7,0,252,0.20555995328246368
AAPL,year,diamond,2025-09-29,2025-09-30,2026-09-30,daily,original,30.88865251748738,30.88865251748738,0.0,13.822983759432027,13.82298375943205,0,0,252,252,0,0,0,0.0,0.0,0,0,0,252,0.0
AAPL,year,diamond,2025-09-29,2025-09-30,2026-09-30,daily,cycle,30.88865251748738,30.88865251748738,0.0,13.822983759432027,13.82298375943205,0,0,252,252,0,0,0,0.0,0.0,0,0,0,252,0.0
AAPL,year,diamond,2025-09-29,2025-09-30,2026-09-30,batch,original,30.88865251748738,30.88865251748738,0.0,13.822983759432027,13.82298375943205,0,0,252,252,0,0,0,0.0,0.0,0,0,0,252,0.0
AAPL,year,diamond,2025-09-29,2025-09-30,2026-09-30,batch,cycle,30.88865251748738,30.88865251748738,0.0,13.822983759432027,13.82298375943205,0,0,252,252,0,0,0,0.0,0.0,0,0,0,252,0.0
