ticker,profile,comparison,externalAssetsDeltaUsdg,externalAssetsChangeDeltaPercentagePoints,funOracleMarkChangeDeltaPercentagePoints,traderCashChangeDeltaUsdg
TSLA,fee_only,harvest_on_minus_off_same_strategy_and_funded_flow,0.030929,0.000154645,1.9787226144,-0.03314
TSLA,p100,harvest_on_minus_off_same_strategy_and_funded_flow,0.028397,0.000141985,2.1574253787,-0.030643
TSLA,p300,harvest_on_minus_off_same_strategy_and_funded_flow,0.027701,0.000138505,2.19611553,-0.030161
TSLA,p500,harvest_on_minus_off_same_strategy_and_funded_flow,0.023202,0.00011601,2.242445651,-0.029638
TSLA,p1000,harvest_on_minus_off_same_strategy_and_funded_flow,0.024352,0.00012176,2.3082446771,-0.029026
TSLA,p500_stop_off,harvest_on_minus_off_same_strategy_and_funded_flow,0.022894,0.00011447,2.94728607,-0.0261
NVDA,fee_only,harvest_on_minus_off_same_strategy_and_funded_flow,0.021004,0.00010502,1.9044271978,-0.024099
NVDA,p100,harvest_on_minus_off_same_strategy_and_funded_flow,0.018573,0.000092865,2.1213473402,-0.022076
NVDA,p300,harvest_on_minus_off_same_strategy_and_funded_flow,0.019246,0.00009623,2.0250762029,-0.022944
NVDA,p500,harvest_on_minus_off_same_strategy_and_funded_flow,0.018364,0.00009182,1.9972285361,-0.023491
NVDA,p1000,harvest_on_minus_off_same_strategy_and_funded_flow,0.019094,0.00009547,1.9224346158,-0.023956
NVDA,p500_stop_off,harvest_on_minus_off_same_strategy_and_funded_flow,0.016914,0.00008457,2.6617470095,-0.0202
META,fee_only,harvest_on_minus_off_same_strategy_and_funded_flow,0.016064,0.00008032,1.4992392027,-0.022308
META,p100,harvest_on_minus_off_same_strategy_and_funded_flow,0.014386,0.00007193,1.6614418497,-0.020693
META,p300,harvest_on_minus_off_same_strategy_and_funded_flow,0.014781,0.000073905,1.6829408958,-0.020406
META,p500,harvest_on_minus_off_same_strategy_and_funded_flow,0.014507,0.000072535,1.7243442694,-0.020011
META,p1000,harvest_on_minus_off_same_strategy_and_funded_flow,0.013616,0.00006808,1.8161569181,-0.019185
META,p500_stop_off,harvest_on_minus_off_same_strategy_and_funded_flow,0.013047,0.000065235,2.0286553406,-0.018017
