ticker,profile,harvestEnabled,comparison,externalAssetsDeltaUsdg,externalAssetsChangeDeltaPercentagePoints,funOracleMarkChangeDeltaPercentagePoints
TSLA,p100,False,strategy_minus_no_execute_with_same_funded_flow_and_harvest_policy,-1565.870818,-7.82935409,16.177493019
TSLA,p100,True,strategy_minus_no_execute_with_same_funded_flow_and_harvest_policy,-1565.87335,-7.82936675,16.3561957833
TSLA,p300,False,strategy_minus_no_execute_with_same_funded_flow_and_harvest_policy,-1126.709744,-5.63354872,19.7394796785
TSLA,p300,True,strategy_minus_no_execute_with_same_funded_flow_and_harvest_policy,-1126.712972,-5.63356486,19.9568725941
TSLA,p500,False,strategy_minus_no_execute_with_same_funded_flow_and_harvest_policy,-1107.257298,-5.53628649,24.0286182763
TSLA,p500,True,strategy_minus_no_execute_with_same_funded_flow_and_harvest_policy,-1107.265025,-5.536325125,24.2923413129
TSLA,p1000,False,strategy_minus_no_execute_with_same_funded_flow_and_harvest_policy,-1642.901083,-8.214505415,30.1695431899
TSLA,p1000,True,strategy_minus_no_execute_with_same_funded_flow_and_harvest_policy,-1642.90766,-8.2145383,30.4990652526
TSLA,p500_stop_off,False,strategy_minus_no_execute_with_same_funded_flow_and_harvest_policy,1641.995909,8.209979545,92.4462672506
TSLA,p500_stop_off,True,strategy_minus_no_execute_with_same_funded_flow_and_harvest_policy,1641.987874,8.20993937,93.4148307062
NVDA,p100,False,strategy_minus_no_execute_with_same_funded_flow_and_harvest_policy,-2933.778802,-14.66889401,22.0825334079
NVDA,p100,True,strategy_minus_no_execute_with_same_funded_flow_and_harvest_policy,-2933.781233,-14.668906165,22.2994535503
NVDA,p300,False,strategy_minus_no_execute_with_same_funded_flow_and_harvest_policy,-3367.114881,-16.835574405,12.2035164776
NVDA,p300,True,strategy_minus_no_execute_with_same_funded_flow_and_harvest_policy,-3367.116639,-16.835583195,12.3241654827
NVDA,p500,False,strategy_minus_no_execute_with_same_funded_flow_and_harvest_policy,-4367.548354,-21.83774177,9.366529924
NVDA,p500,True,strategy_minus_no_execute_with_same_funded_flow_and_harvest_policy,-4367.550994,-21.83775497,9.4593312623
NVDA,p1000,False,strategy_minus_no_execute_with_same_funded_flow_and_harvest_policy,-5093.196315,-25.465981575,1.8058601136
NVDA,p1000,True,strategy_minus_no_execute_with_same_funded_flow_and_harvest_policy,-5093.198225,-25.465991125,1.8238675316
NVDA,p500_stop_off,False,strategy_minus_no_execute_with_same_funded_flow_and_harvest_policy,-215.054498,-1.07527249,79.540041679
NVDA,p500_stop_off,True,strategy_minus_no_execute_with_same_funded_flow_and_harvest_policy,-215.058588,-1.07529294,80.2973614907
META,p100,False,strategy_minus_no_execute_with_same_funded_flow_and_harvest_policy,-550.534965,-2.752674825,16.9102927995
META,p100,True,strategy_minus_no_execute_with_same_funded_flow_and_harvest_policy,-550.536643,-2.752683215,17.0724954465
META,p300,False,strategy_minus_no_execute_with_same_funded_flow_and_harvest_policy,-267.930182,-1.33965091,19.1839284616
META,p300,True,strategy_minus_no_execute_with_same_funded_flow_and_harvest_policy,-267.931465,-1.339657325,19.3676301547
META,p500,False,strategy_minus_no_execute_with_same_funded_flow_and_harvest_policy,34.365474,0.17182737,23.5828407641
META,p500,True,strategy_minus_no_execute_with_same_funded_flow_and_harvest_policy,34.363917,0.171819585,23.8079458308
META,p1000,False,strategy_minus_no_execute_with_same_funded_flow_and_harvest_policy,187.534203,0.937671015,33.428523725
META,p1000,True,strategy_minus_no_execute_with_same_funded_flow_and_harvest_policy,187.531755,0.937658775,33.7454414404
META,p500_stop_off,False,strategy_minus_no_execute_with_same_funded_flow_and_harvest_policy,1182.424678,5.91212339,56.6568164833
META,p500_stop_off,True,strategy_minus_no_execute_with_same_funded_flow_and_harvest_policy,1182.421661,5.912108305,57.1862326212
