ticker,profile,harvestEnabled,firstDate,lastDate,observations,valuationBasis,initialTreasuryNavUsd,finalTreasuryNavUsd,initialExternalAssetsUsdg,finalExternalAssetsUsdg,traderCashChangeUsdg,cumulativeBuybackStock,cumulativeBuybackUsdAtExecutionMarks,buybackBurnedFun,collectedLpBurnedFun,hookBurnedFun,hookConvertedFun,hookConvertedStock,hookStockDeliveredToTreasury,collectedLpStock,collectedLpUsdAtExecutionMarks,terminalClaimableLpStock,terminalClaimableLpFun,priceMarkContributionUsdg,actionContributionUsdg,stockCloseChangePercent,funStockChangePercent,funOracleMarkChangePercent,treasuryNavChangePercent,externalAssetsChangePercent,actions,stopActions,tpActions,dipActions,buybacks,executeNotDue,buybackNotDue,flowPairs,conversionCount,estimatedActionGas,stockCloseMaxDailyDrawdownPercent,stockCloseMaxDailyDrawdownPeakDate,stockCloseMaxDailyDrawdownTroughDate,funStockMaxDailyDrawdownPercent,funStockMaxDailyDrawdownPeakDate,funStockMaxDailyDrawdownTroughDate,funOracleMarkMaxDailyDrawdownPercent,funOracleMarkMaxDailyDrawdownPeakDate,funOracleMarkMaxDailyDrawdownTroughDate,treasuryNavMaxDailyDrawdownPercent,treasuryNavMaxDailyDrawdownPeakDate,treasuryNavMaxDailyDrawdownTroughDate,externalAssetsMaxDailyDrawdownPercent,externalAssetsMaxDailyDrawdownPeakDate,externalAssetsMaxDailyDrawdownTroughDate
TSLA,baseline,False,2025-01-02,2025-12-31,250,historical_close_oracle_mark,10000.000000090456903132,11857.203192117876431582,20000,23714.406384,0,0,0,0,0,0,0,0,0,0,0,0,0,3714.406384,0,18.5720319201,0,18.5720319201,18.5720319201,18.57203192,0,0,0,0,0,0,0,0,0,70716,48.1901826216,2025-01-15,2025-04-08,0,2025-01-02,2025-01-02,48.1901826216,2025-01-15,2025-04-08,48.1901826216,2025-01-15,2025-04-08,48.1901826236,2025-01-15,2025-04-08
TSLA,fee_only,False,2025-01-02,2025-12-31,250,historical_close_oracle_mark,10000.000000090456903132,13189.743077665291223413,20000,25241.027442,-1743.21082,0,0,0,0,0,9671965.548574635688635601,2.136705660156027924,2.963043409082321962,0,0,0.217326146604833501,967196.554857463568863827,4077.467713,1163.559729,18.5720319201,1.6316947702,20.5067655638,31.8974307755,26.20513721,0,0,0,0,0,0,249,249,249,155217300,48.1901826216,2025-01-15,2025-04-08,0,2025-01-02,2025-01-02,47.9997842466,2025-01-15,2025-03-10,47.2770123125,2025-01-15,2025-03-10,47.6375349547,2025-01-15,2025-03-10
TSLA,fee_only,True,2025-01-02,2025-12-31,250,historical_close_oracle_mark,10000.000000090456903132,13189.769899979289188761,20000,25241.058371,-1743.24396,0.217978079662778611,74.699157,968298.064671246825010723,959420.119630251432937902,0,9594201.196302514329378898,2.136793781011497301,2.963103051335113036,0.217978079662778611,74.699157,0.000002001181043101,0,4077.474392,1163.583979,18.5720319201,3.3004884835,22.4854881782,31.8976989986,26.205291855,0,0,0,0,249,0,0,249,249,131051663,48.1901826216,2025-01-15,2025-04-08,0,2025-01-02,2025-01-02,47.8752541401,2025-01-15,2025-03-10,47.2770084518,2025-01-15,2025-03-10,47.6375327262,2025-01-15,2025-03-10
TSLA,p100,False,2025-01-02,2025-12-31,250,historical_close_oracle_mark,10000.000000090456903132,10844.438366720748185402,20000,23675.156624,-1743.704302,1.733007539040613395,710.477644,7341708.214755231089387935,0,0,8545190.807379576259346497,2.138116044854355814,2.963997990485525816,0,0,0.222525169221955347,854519.080737957625934927,2670.430801,1004.725823,18.5720319201,15.2752941561,36.6842585828,8.4443836662,18.37578312,39,21,14,4,14,210,235,249,249,206794523,48.1901826216,2025-01-15,2025-04-08,0,2025-01-02,2025-01-02,47.9910810823,2025-01-15,2025-03-10,8.8597646588,2025-01-03,2025-03-04,27.4171733631,2025-01-15,2025-03-10
TSLA,p100,True,2025-01-02,2025-12-31,250,historical_close_oracle_mark,10000.000000090456903132,10844.462947913063591733,20000,23675.185021,-1743.734945,1.956200297834948961,787.279863,8215821.712605097623288726,847771.282063827613343776,0,8477712.82063827613343767,2.13819778039609704,2.964053311001559128,0.223192746317295125,76.802204,0.000002001181043101,0,2670.436787,1004.748234,18.5720319201,17.0948002773,38.8416839615,8.4446294781,18.375925105,39,21,14,4,249,210,0,249,249,180227438,48.1901826216,2025-01-15,2025-04-08,0,2025-01-02,2025-01-02,47.8701864387,2025-01-15,2025-03-10,8.8597598736,2025-01-03,2025-03-04,27.4171701908,2025-01-15,2025-03-10
TSLA,p300,False,2025-01-02,2025-12-31,250,historical_close_oracle_mark,10000.000000090456903132,11118.290346104476029696,20000,24114.317698,-1743.798593,2.100561709922068086,871.663203,8783626.883152556026805002,0,0,8338155.635221749610328859,2.138387054224665687,2.964181415961394818,0,0,0.22362783173459971,833815.56352217496103314,3017.838847,1096.478851,18.5720319201,18.2793640045,40.2462452423,11.18290346,20.57158849,34,20,13,1,14,215,235,249,249,205922875,48.1901826216,2025-01-15,2025-04-08,0,2025-01-02,2025-01-02,47.7914859013,2025-01-17,2025-03-10,6.1548855462,2025-01-03,2025-01-17,26.2645789965,2025-01-15,2025-03-10
TSLA,p300,True,2025-01-02,2025-12-31,250,historical_close_oracle_mark,10000.000000090456903132,11118.314278905312545274,20000,24114.345399,-1743.828754,2.324860473124492574,948.929431,9639758.22728800309164727,827261.348834135895321472,0,8272613.488341358953214612,2.138467532724444774,2.964235885680770144,0.224298726843163756,77.281409,0.000002001181043101,0,3017.844502,1096.500897,18.5720319201,20.1315002076,42.4423607723,11.183142788,20.571726995,34,20,13,1,249,215,0,249,249,179354933,48.1901826216,2025-01-15,2025-04-08,0,2025-01-02,2025-01-02,47.6765666463,2025-01-17,2025-03-10,6.1548852339,2025-01-03,2025-01-17,26.2645758934,2025-01-15,2025-03-10
TSLA,p500,False,2025-01-02,2025-12-31,250,historical_close_oracle_mark,10000.000000090456903132,10941.448664140389307288,20000,24133.770144,-1743.887043,2.537016580540939881,1052.716007,10443938.071959668837765058,0,0,8146563.86620252733106935,2.138636827536240193,2.964350468364873812,0,0,0.224937196346456361,814656.38662025273310719,3010.463654,1123.30649,18.5720319201,21.8966914031,44.5353838401,9.4144866404,20.66885072,118,45,73,0,75,131,174,249,249,225852267,48.1901826216,2025-01-15,2025-04-08,0,2025-01-02,2025-01-02,47.2245403594,2025-01-21,2025-03-10,6.0802852362,2025-01-03,2025-01-22,26.0382205669,2025-01-15,2025-03-10
TSLA,p500,True,2025-01-02,2025-12-31,250,historical_close_oracle_mark,10000.000000090456903132,10941.466843003400414186,20000,24133.793346,-1743.916681,2.76263158372518972,1130.470097,11279557.550497258742123449,808298.483239999237774862,0,8082984.832399992377748521,2.138716009434758987,2.964404060513068158,0.225612040174965839,77.817142,0.000002001181043102,0,3010.465268,1123.328078,18.5720319201,23.7879010035,46.7778294911,9.414668429,20.66896673,118,45,73,0,249,131,0,249,249,189515935,48.1901826216,2025-01-15,2025-04-08,0,2025-01-02,2025-01-02,47.0975051168,2025-01-21,2025-03-10,6.080284833,2025-01-03,2025-01-22,26.0382175669,2025-01-15,2025-03-10
TSLA,p1000,False,2025-01-02,2025-12-31,250,historical_close_oracle_mark,10000.000000090456903132,10129.76520679790750763,20000,23598.126359,-1743.871515,3.15083145317194076,1164.723512,12666552.208324864666003245,0,0,8187611.279998861800759476,2.138526231722300533,2.96427561441446295,0,0,0.226778640964349352,818761.127999886180076222,2544.080229,1054.04613,18.5720319201,27.0757583502,50.6763087537,1.2976520671,17.990631795,78,25,51,2,54,171,195,249,249,222219074,48.1901826216,2025-01-15,2025-04-08,0,2025-01-02,2025-01-02,47.103842795,2025-01-21,2025-03-10,16.5523743321,2025-01-15,2025-04-21,31.0244607622,2025-01-15,2025-04-08
TSLA,p1000,True,2025-01-02,2025-12-31,250,historical_close_oracle_mark,10000.000000090456903132,10129.783409798042263963,20000,23598.150711,-1743.900541,3.378296100318315276,1242.936541,13474779.682045074172436592,812595.874666538728749437,0,8125958.746665387287494173,2.138603981313399972,2.964328237143749866,0.227459033724745229,78.221492,0.000002001181043102,0,2544.083445,1054.067266,18.5720319201,29.0224608227,52.9845534308,1.2978340971,17.990753555,78,25,51,2,249,171,0,249,249,189295605,48.1901826216,2025-01-15,2025-04-08,0,2025-01-02,2025-01-02,46.9764431273,2025-01-21,2025-03-10,16.554185825,2025-01-15,2025-04-21,31.0244529605,2025-01-15,2025-04-08
TSLA,p500_stop_off,False,2025-01-02,2025-12-31,250,historical_close_oracle_mark,10000.000000090456903132,10883.107237399597985293,20000,26883.023351,-1744.340102,8.779879856353057422,3450.112726,29586544.620330540536663068,0,0,7220222.089102050403716385,2.139798469638846555,2.965136694580110001,0,0,0.24366578617389276,722022.208910205040371896,5914.928324,968.095027,18.5720319201,79.598029456,112.9530328144,8.831072373,34.415116755,192,0,174,18,176,57,73,249,249,281492555,48.1901826216,2025-01-15,2025-04-08,0,2025-01-02,2025-01-02,46.8105539501,2025-01-21,2025-03-10,32.8229901137,2025-01-03,2025-03-10,39.1835969502,2025-01-15,2025-03-10
TSLA,p500_stop_off,True,2025-01-02,2025-12-31,250,historical_close_oracle_mark,10000.000000090456903132,10883.123891269955273144,20000,26883.046245,-1744.366202,9.024277025991191665,3535.109932,30201873.83603120256480251,716881.553073888011475508,0,7168815.530738880114754904,2.139869109070423447,2.96518450498262688,0.244390617720771298,85.058789,0.000008359962035647,0,5914.932202,968.114043,18.5720319201,82.0836797583,115.9003188844,8.8312389117,34.415231225,192,0,174,18,249,57,0,249,249,228894774,48.1901826216,2025-01-15,2025-04-08,0,2025-01-02,2025-01-02,46.681917876,2025-01-21,2025-03-10,32.8229855051,2025-01-03,2025-03-10,39.183594485,2025-01-15,2025-03-10
NVDA,baseline,False,2025-01-02,2025-12-31,250,historical_close_oracle_mark,10000.000000029107921298,13484.202392501500000186,20000,26968.404785,0,0,0,0,0,0,0,0,0,0,0,0,0,6968.404785,0,34.8420239246,0,34.8420239246,34.8420239246,34.842023925,0,0,0,0,0,0,0,0,0,70716,36.8868351871,2025-01-06,2025-04-04,0,2025-01-02,2025-01-02,36.8868351871,2025-01-06,2025-04-04,36.8868351871,2025-01-06,2025-04-04,36.8868351902,2025-01-06,2025-04-04
NVDA,fee_only,False,2025-01-02,2025-12-31,250,historical_close_oracle_mark,10000.000000029107921298,14770.102116795271718835,20000,28441.60035,-1628.178946,0,0,0,0,0,8224582.719350580016961529,4.976207287490648452,6.894904687902261226,0,0,0.505307078836436418,822458.271935058001696417,7274.214106,1167.386244,34.8420239246,1.3849861321,36.7095672562,47.7010211675,42.20800175,0,0,0,0,0,0,249,249,249,154978500,36.8868351871,2025-01-06,2025-04-04,0,2025-01-02,2025-01-02,36.6311801396,2025-01-06,2025-04-04,35.1220543245,2025-01-06,2025-04-04,35.8755937063,2025-01-06,2025-04-04
NVDA,fee_only,True,2025-01-02,2025-12-31,250,historical_close_oracle_mark,10000.000000029107921298,14770.120330913959077694,20000,28441.621354,-1628.203045,0.506822709212036249,74.886531,823016.192479778358071036,816832.047421404735567535,0,8168320.474214047355675167,4.97635158344691581,6.895002350737045992,0.506822709212036249,74.886531,0.00000483775203616,0,7274.217547,1167.403807,34.8420239246,2.7973256553,38.613994454,47.7012033087,42.20810677,0,0,0,0,249,0,0,249,249,130812877,36.8868351871,2025-01-06,2025-04-04,0,2025-01-02,2025-01-02,36.3713777595,2025-01-06,2025-04-04,35.1220440761,2025-01-06,2025-04-04,35.8755877974,2025-01-06,2025-04-04
NVDA,p100,False,2025-01-02,2025-12-31,250,historical_close_oracle_mark,10000.000000029107921298,10777.617907869714126746,20000,25507.821548,-1628.622462,5.676405183870654316,741.410277,8653670.412843619569392176,0,0,7221194.95166455569538434,4.979095717836310261,6.896859644464171405,0,0,0.522336294388048396,722119.495166455569538699,4430.473343,1077.348205,34.8420239246,17.7615820665,58.7921006641,7.7761790784,27.53910774,55,22,29,4,29,194,220,249,249,210899875,36.8868351871,2025-01-06,2025-04-04,0,2025-01-02,2025-01-02,29.4488876962,2025-01-06,2025-04-04,6.8448603976,2025-01-06,2025-01-14,19.9121867679,2025-01-06,2025-04-04
NVDA,p100,True,2025-01-02,2025-12-31,250,historical_close_oracle_mark,10000.000000029107921298,10777.633855340868570674,20000,25507.840121,-1628.644538,6.200308642176321755,818.52566,9386101.124027457221097849,717328.05673756238360861,0,7173280.567375623836085966,4.979228685119737143,6.896949639780717842,0.523903167010929104,77.115327,0.00000483775203616,0,4430.475824,1077.364297,34.8420239246,19.3347914254,60.9134480043,7.7763385531,27.539200605,55,22,29,4,249,194,0,249,249,181924093,36.8868351871,2025-01-06,2025-04-04,0,2025-01-02,2025-01-02,29.1535698017,2025-01-06,2025-04-04,6.8448602499,2025-01-06,2025-01-14,19.9121797178,2025-01-06,2025-04-04
NVDA,p300,False,2025-01-02,2025-12-31,250,historical_close_oracle_mark,10000.000000029107921298,10808.160834822381967242,20000,25074.485469,-1628.45472,3.189229645120813918,447.471463,5025741.369157214710448186,0,0,7591677.904015592311862778,4.978021483038182945,6.896132577525245583,0,0,0.514874767771798871,759167.790401559231186545,3964.837319,1109.64815,34.8420239246,10.4352184873,48.9130837338,8.0816083479,25.372427345,49,24,23,2,23,200,226,249,249,208803646,36.8868351871,2025-01-06,2025-04-04,0,2025-01-02,2025-01-02,33.8572424018,2025-01-06,2025-04-04,7.9178267344,2025-01-06,2025-01-27,20.8584554461,2025-01-06,2025-04-04
NVDA,p300,True,2025-01-02,2025-12-31,250,historical_close_oracle_mark,10000.000000029107921298,10808.177386253000444965,20000,25074.504715,-1628.477664,3.70564899406207587,523.679942,5795610.925062546470125443,754035.673992713391335821,0,7540356.739927133913358063,4.978159316142859073,6.896225866146114222,0.516419188066586364,76.208446,0.00000483775203616,0,3964.839853,1109.664862,34.8420239246,11.9370323461,50.9381599367,8.0817738622,25.372523575,49,24,23,2,249,200,0,249,249,180799916,36.8868351871,2025-01-06,2025-04-04,0,2025-01-02,2025-01-02,33.5840243643,2025-01-06,2025-04-04,7.9178260912,2025-01-06,2025-01-27,20.858448447,2025-01-06,2025-04-04
NVDA,p500,False,2025-01-02,2025-12-31,250,historical_close_oracle_mark,10000.000000029107921298,9943.765772151793024456,20000,24074.051996,-1628.309408,2.459902771344257522,419.014983,3894853.730167858659421689,0,0,7922134.073967048037104272,4.977041334738828747,6.895469190404093909,0,0,0.512686787150469228,792213.407396704803710686,2966.183609,1107.868387,34.8420239246,8.3312849575,46.0760971802,-0.5623422788,20.37025998,121,42,77,2,77,128,172,249,249,229638074,36.8868351871,2025-01-06,2025-04-04,0,2025-01-02,2025-01-02,36.2919987565,2025-01-06,2025-04-04,16.8849447798,2025-01-06,2025-01-27,25.2447730337,2025-01-06,2025-04-04
NVDA,p500,True,2025-01-02,2025-12-31,250,historical_close_oracle_mark,10000.000000029107921298,9943.780384668362214471,20000,24074.07036,-1628.332899,2.974132907516370977,495.119641,4676478.641271013893834706,786844.932400767912565773,0,7868449.324007679125657547,4.97718231079631824,6.895564606251651019,0.514224639773066018,76.103701,0.000004837785919381,0,2966.184878,1107.885482,34.8420239246,9.8124467481,48.0733257163,-0.5621961536,20.3703518,121,42,77,2,249,128,0,249,249,192919599,36.8868351871,2025-01-06,2025-04-04,0,2025-01-02,2025-01-02,36.028847512,2025-01-06,2025-04-04,16.884944209,2025-01-06,2025-01-27,25.2447662609,2025-01-06,2025-04-04
NVDA,p1000,False,2025-01-02,2025-12-31,250,historical_close_oracle_mark,10000.000000029107921298,9587.256904902147193557,20000,23348.404035,-1628.200041,0.480678912498513866,73.731432,780422.562620718958981823,0,0,8175363.449463074223186834,4.976325186656699016,6.894984484766938568,0,0,0.506749115573931989,817536.344946307422318942,2230.586318,1117.817717,34.8420239246,2.7242274614,38.5154273698,-4.1274309513,16.742020175,81,22,59,0,59,168,190,249,249,228200896,36.8868351871,2025-01-06,2025-04-04,0,2025-01-02,2025-01-02,36.5605672357,2025-01-06,2025-04-04,20.4289123669,2025-01-06,2025-01-27,27.5380651501,2025-01-06,2025-04-04
NVDA,p1000,True,2025-01-02,2025-12-31,250,historical_close_oracle_mark,10000.000000029107921298,9587.272004466059709137,20000,23348.423129,-1628.223997,0.988954559682052675,148.840486,1595056.457599878270932323,811969.013202433488119015,0,8119690.132024334881190018,4.976468700876130617,6.895081618503686094,0.508269104763446286,75.107989,0.000004837752036172,0,2230.587951,1117.835178,34.8420239246,4.14992144,40.4378619856,-4.1272799556,16.742115645,81,22,59,0,249,168,0,249,249,194344488,36.8868351871,2025-01-06,2025-04-04,0,2025-01-02,2025-01-02,36.3004111678,2025-01-06,2025-04-04,20.4289118885,2025-01-06,2025-01-27,27.53805889,2025-01-06,2025-04-04
NVDA,p500_stop_off,False,2025-01-02,2025-12-31,250,historical_close_oracle_mark,10000.000000029107921298,11045.614777653586738908,20000,28226.545852,-1628.760335,18.816998872147441985,3246.594384,24421880.122319998421060267,0,0,6973256.99105186054604365,4.979442473038687488,6.897094335576617463,0,0,0.561758075452878831,697325.699105186054604627,7118.029323,1108.516529,34.8420239246,60.3725623816,116.2496089352,10.4561477762,41.13272926,189,0,174,15,174,60,75,249,249,275517440,36.8868351871,2025-01-06,2025-04-04,0,2025-01-02,2025-01-02,35.3597335242,2025-01-06,2025-04-04,31.8307440558,2025-01-06,2025-04-04,33.9425289377,2025-01-06,2025-04-04
NVDA,p500_stop_off,True,2025-01-02,2025-12-31,250,historical_close_oracle_mark,10000.000000029107921298,11045.627575872479359021,20000,28226.562766,-1628.780535,19.380451684886931335,3331.232659,25001003.359520992477480238,693136.69512230089888907,0,6931366.951223008988890583,4.979566354118475253,6.89717818114212458,0.563443585515278559,84.671831,0.000004848375818528,0,7118.031548,1108.531218,34.8420239246,62.3465367644,118.9113559447,10.4562757584,41.13281383,189,0,174,15,249,60,0,249,249,223386075,36.8868351871,2025-01-06,2025-04-04,0,2025-01-02,2025-01-02,35.0918968555,2025-01-06,2025-04-04,31.8307333093,2025-01-06,2025-04-04,33.9425227293,2025-01-06,2025-04-04
META,baseline,False,2025-01-02,2025-12-31,250,historical_close_oracle_mark,10000.000000093400197138,11015.453534948657591426,20000,22030.907069,0,0,0,0,0,0,0,0,0,0,0,0,0,2030.907069,0,10.1545353485,0,10.1545353485,10.1545353485,10.154535345,0,0,0,0,0,0,0,0,0,70716,34.2093454459,2025-02-14,2025-04-21,0,2025-01-02,2025-01-02,34.2093454459,2025-02-14,2025-04-21,34.2093454459,2025-02-14,2025-04-21,34.2093454465,2025-02-14,2025-04-21
META,fee_only,False,2025-01-02,2025-12-31,250,historical_close_oracle_mark,10000.000000093400197138,12028.440978319497358747,20000,23191.441983,-1744.698434,0,0,0,0,0,7935677.135380356366737266,1.107916797275632725,1.534620130816923531,0,0,0.11243409677140143,793567.713538035636673994,2026.794435,1164.647548,10.1545353485,1.3358492884,11.6260339251,20.2844097821,15.957209915,0,0,0,0,0,0,249,249,249,154600400,34.2093454459,2025-02-14,2025-04-21,0,2025-01-02,2025-01-02,34.0367336131,2025-02-14,2025-04-21,33.0290298949,2025-02-14,2025-04-21,33.5301382291,2025-02-14,2025-04-21
META,fee_only,True,2025-01-02,2025-12-31,250,historical_close_oracle_mark,10000.000000093400197138,12028.45490944757565161,20000,23191.458047,-1744.720742,0.112771046497637905,74.699042,793794.684827666241427843,788334.902979652937320545,0,7883349.029796529373205349,1.107947979563134069,1.534641235707940537,0.112771046497637905,74.699042,0.000001363413256311,0,2026.794193,1164.663854,10.1545353485,2.6968819485,13.1252731278,20.2845490934,15.957290235,0,0,0,0,249,0,0,249,249,130428349,34.2093454459,2025-02-14,2025-04-21,0,2025-01-02,2025-01-02,33.8619005787,2025-02-14,2025-04-21,33.0290217279,2025-02-14,2025-04-21,33.5301334937,2025-02-14,2025-04-21
META,p100,False,2025-01-02,2025-12-31,250,historical_close_oracle_mark,10000.000000093400197138,10665.151702261827696323,20000,22640.907018,-1745.056274,1.23122558836076362,736.018304,8158598.594759688985372798,0,0,7118030.119547947706370305,1.108422147480980936,1.534962163476112984,0,0,0.116127773536483765,711803.011954794770637283,1657.937437,982.969581,10.1545353485,16.6872760327,28.5363267246,6.6515170216,13.20453509,131,45,80,6,80,118,169,249,249,226908581,34.2093454459,2025-02-14,2025-04-21,0,2025-01-02,2025-01-02,32.7547548262,2025-02-14,2025-04-21,4.6123741437,2025-01-06,2025-01-14,18.539561292,2025-02-14,2025-04-21
META,p100,True,2025-01-02,2025-12-31,250,historical_close_oracle_mark,10000.000000093400197138,10665.163868448606097001,20000,22640.921404,-1745.076967,1.347701786240053787,812.927048,8870651.859455230777125273,707243.102141779599770902,0,7072431.021417795997708914,1.108451117146170031,1.53498177081121497,0.11647583871686515,76.908479,0.000001363413256311,0,1657.93681,982.984594,10.1545353485,18.1955587779,30.1977685743,6.6516386835,13.20460702,131,45,80,6,249,118,0,249,249,189769830,34.2093454459,2025-02-14,2025-04-21,0,2025-01-02,2025-01-02,32.5811049106,2025-02-14,2025-04-21,4.6123740155,2025-01-06,2025-01-14,18.5395555146,2025-02-14,2025-04-21
META,p300,False,2025-01-02,2025-12-31,250,historical_close_oracle_mark,10000.000000093400197138,10842.66295980002903813,20000,22923.511801,-1745.14054,1.390424041478063303,850.57202,9141953.126454618939868107,0,0,6931661.788553732879281322,1.108542180482684837,1.53504340457314738,0,0,0.116605368895835653,693166.178855373287928396,1870.522344,1052.989457,10.1545353485,18.7513178399,30.8099623867,8.426629597,14.617559005,112,40,69,3,69,137,180,249,249,222711240,34.2093454459,2025-02-14,2025-04-21,0,2025-01-02,2025-01-02,34.0441113589,2025-02-14,2025-04-21,4.3753812337,2025-01-06,2025-01-14,18.5429265468,2025-02-14,2025-04-21
META,p300,True,2025-01-02,2025-12-31,250,historical_close_oracle_mark,10000.000000093400197138,10842.675465111514804355,20000,22923.526582,-1745.160946,1.507379398629215526,927.858776,9844468.235241534482422631,688727.999158535303384544,0,6887279.991585353033845353,1.108570756801121393,1.535062745681694037,0.116954871554032642,77.28639,0.000001363413256311,0,1870.522311,1053.004271,10.1545353485,20.2791177534,32.4929032825,8.4267546501,14.61763291,112,40,69,3,249,137,0,249,249,187293841,34.2093454459,2025-02-14,2025-04-21,0,2025-01-02,2025-01-02,33.878622214,2025-02-14,2025-04-21,4.3753811018,2025-01-06,2025-01-14,18.5429209922,2025-02-14,2025-04-21
META,p500,False,2025-01-02,2025-12-31,250,historical_close_oracle_mark,10000.000000093400197138,10944.190423837640051098,20000,23225.807457,-1745.265668,1.694557764180361375,1143.931564,10966044.137793747901527036,0,0,6660362.95183258768959495,1.108725653598881502,1.535167583401869793,0,0,0.117517770063942544,666036.295183258768959759,2101.514086,1124.293371,10.1545353485,22.7447188275,35.2088746892,9.4419042374,16.129037285,87,36,51,0,51,162,198,249,249,218332084,34.2093454459,2025-02-14,2025-04-21,0,2025-01-02,2025-01-02,34.0412182193,2025-02-14,2025-04-21,5.8927825575,2025-01-27,2025-02-03,18.8280746327,2025-02-14,2025-04-21
META,p500,True,2025-01-02,2025-12-31,250,historical_close_oracle_mark,10000.000000093400197138,10944.202641838827526762,20000,23225.821964,-1745.285679,1.812428344481190559,1222.144516,11651003.58009025354004617,661764.992717085225654266,0,6617649.927170852256542476,1.108753685118056962,1.535186555777125589,0.117870018391588561,78.16728,0.000001363413256311,0,2101.514018,1124.307946,10.1545353485,24.3101053674,36.9332189586,9.4420264174,16.12910982,87,36,51,0,249,162,0,249,249,185848323,34.2093454459,2025-02-14,2025-04-21,0,2025-01-02,2025-01-02,33.8821200481,2025-02-14,2025-04-21,5.8927821352,2025-01-27,2025-02-03,18.8280691507,2025-02-14,2025-04-21
META,p1000,False,2025-01-02,2025-12-31,250,historical_close_oracle_mark,10000.000000093400197138,10659.513904293745920466,20000,23378.976186,-1745.439783,2.357843272062813704,1660.754107,14724081.939992088025154209,0,0,6296065.466606351737652092,1.108975532733757057,1.535336707335133608,0,0,0.119507626587589885,629606.546660635173765464,2287.444284,1091.531902,10.1545353485,31.6827829115,45.0545576501,6.5951390419,16.89488093,44,21,22,1,25,205,224,249,249,211021125,34.2093454459,2025-02-14,2025-04-21,0,2025-01-02,2025-01-02,31.613171396,2025-02-18,2025-04-21,10.6769954486,2025-02-10,2025-03-18,20.3024831703,2025-02-14,2025-04-21
META,p1000,True,2025-01-02,2025-12-31,250,historical_close_oracle_mark,10000.000000093400197138,10659.525344576051354046,20000,23378.989802,-1745.458968,2.477709642142370154,1740.373017,15373342.485252611540269932,625648.776467905848997435,0,6256487.764679058489974108,1.109002431786712539,1.535354913230250824,0.119865862284572102,79.700456,0.000001363413256311,0,2287.443912,1091.54589,10.1545353485,33.3315184015,46.8707145682,6.5952534448,16.89494901,44,21,22,1,249,205,0,249,249,182820244,34.2093454459,2025-02-14,2025-04-21,0,2025-01-02,2025-01-02,31.4187071241,2025-02-18,2025-04-21,10.6769917036,2025-02-10,2025-03-18,20.3024781639,2025-02-14,2025-04-21
META,p500_stop_off,False,2025-01-02,2025-12-31,250,historical_close_oracle_mark,10000.000000093400197138,10676.939567376103645823,20000,24373.866661,-1745.625947,3.838622947704328025,2607.154377,22208843.476608263174633504,0,0,5922354.743525226847138392,1.109222722530505866,1.53550401102670704,0,0,0.123949965614514465,592235.47435252268471411,3399.962765,973.903896,10.1545353485,52.7697882579,68.2828504084,6.7693956728,21.869333305,113,0,101,12,101,136,148,249,249,246460187,34.2093454459,2025-02-14,2025-04-21,0,2025-01-02,2025-01-02,33.2862802816,2025-02-14,2025-04-21,21.6178399254,2025-01-28,2025-04-21,25.3398470528,2025-02-14,2025-04-21
META,p500_stop_off,True,2025-01-02,2025-12-31,250,historical_close_oracle_mark,10000.000000093400197138,10676.950400821168679627,20000,24373.879708,-1745.643964,3.962945247166473518,2689.811566,22789434.17306734004714605,588684.344779608880120896,0,5886843.44779608880120892,1.109248021997418545,1.535521134284265411,0.12432156909964442,82.56661,0.000001363413256311,0,3399.962668,973.91704,10.1545353485,54.6114331201,70.311505749,6.7695040072,21.86939854,113,0,101,12,249,136,0,249,249,206022684,34.2093454459,2025-02-14,2025-04-21,0,2025-01-02,2025-01-02,33.1277984828,2025-02-14,2025-04-21,21.6178299328,2025-01-28,2025-04-21,25.3398421952,2025-02-14,2025-04-21
