year,mode,valuationBasis,firstDate,lastDate,observations,periodDefinition,tslaFirstCloseUsd,tslaLastCloseUsd,treasuryNavFirstUsdOracleMark,treasuryNavLastUsdOracleMark,buybackStockSpent,cumulativeBuybackUsdAtExecutionOracleMarks,burnedFun,burnedFractionOfInitialSupplyPercent,keeperStockFinal,keeperUsdgFinal,keeperFunFinal,holderUnitsUnchanged,tslaCloseChangePercent,funStockChangePercent,funOracleMarkChangePercent,treasuryNavOracleMarkChangePercent,actions,stopActions,tpActions,dipActions,buybacks,burnedRaw,executeNotDue,buybackNotDue,estimatedActionGas,buybackStockSpentRaw,buybackOracleUsdgValueRaw,treasuryNavDrawdownPercent,treasuryNavDrawdownPeakDate,treasuryNavDrawdownTroughDate,funOracleMarkDrawdownPercent,funOracleMarkDrawdownPeakDate,funOracleMarkDrawdownTroughDate,tslaCloseDrawdownPercent,tslaCloseDrawdownPeakDate,tslaCloseDrawdownTroughDate
2022,passive,historical_close_oracle_mark,2022-01-03,2022-12-30,251,first observed Close to last observed Close within an independently reset calendar-year window,399.92666626,123.18000031,3532.685551963333333999,1088.090002738333333538,0,0,0,0,0,0,0,True,-69.1993531059,0,-69.1993531059,-69.1993531059,0,0,0,0,0,0,0,0,0,0,0,72.7199990213,2022-01-03,2022-12-27,72.7199990213,2022-01-03,2022-12-27,72.7199990213,2022-01-03,2022-12-27
2022,keeper500,historical_close_oracle_mark,2022-01-03,2022-12-30,251,first observed Close to last observed Close within an independently reset calendar-year window,399.92666626,123.18000031,3532.685551963333333999,2704.841276333276735257,1.366734128714089914,299.165856,15957141.354037845316124275,3.0686810296,0.007940026820339133,76.033225,80186.63997003942369911,True,-69.1993531059,33.2317173709,-58.9637691817,-23.4338512005,33,11,9,13,11,15957141354037845316124275,217,239,31122037,1366734128714089914,299165856,24.177783491,2022-01-03,2022-12-27,66.5668362207,2022-04-04,2022-12-27,72.7199990213,2022-01-03,2022-12-27
2022,keeper1,historical_close_oracle_mark,2022-01-03,2022-12-30,251,first observed Close to last observed Close within an independently reset calendar-year window,399.92666626,123.18000031,3532.685551963333333999,2551.188512,1.335107346786243633,296.514594,15636243.052923745563375593,3.0069698179,0.006709082144654479,173.96857,78574.085693084148559665,True,-69.1993531059,32.4089306274,-59.2171928212,-27.7833117476,81,25,23,33,24,15636243052923745563375593,169,226,41831594,1335107346786243633,296514594,27.7833117476,2022-01-03,2022-12-27,63.8788424289,2022-01-03,2022-12-27,72.7199990213,2022-01-03,2022-12-27
2023,passive,historical_close_oracle_mark,2023-01-03,2023-12-29,250,first observed Close to last observed Close within an independently reset calendar-year window,108.09999847,248.47999573,954.883319818333333513,2194.906628948333333747,0,0,0,0,0,0,0,True,129.8612388963,0,129.8612388963,129.8612388963,0,0,0,0,0,0,0,0,0,0,0,32.7197098683,2023-07-18,2023-10-30,32.7197098683,2023-07-18,2023-10-30,32.7197098683,2023-07-18,2023-10-30
2023,keeper500,historical_close_oracle_mark,2023-01-03,2023-12-29,250,first observed Close to last observed Close within an independently reset calendar-year window,108.09999847,248.47999573,954.883319818333333513,952.010906,0.64243178685578389,75.758978,8072360.7157496241475586,1.5523770607,0.003228300436461224,0,40564.626712309669083205,True,129.8612388963,15.0277576619,164.4042288363,-0.3008130689,2,0,2,0,6,8072360715749624147558600,247,243,30852799,642431786855783890,75758978,3.5380356093,2023-01-04,2023-01-12,32.7197098683,2023-07-18,2023-10-30,32.7197098683,2023-07-18,2023-10-30
2023,keeper1,historical_close_oracle_mark,2023-01-03,2023-12-29,250,first observed Close to last observed Close within an independently reset calendar-year window,108.09999847,248.47999573,954.883319818333333513,952.010746,0.30345177068528298,34.019517,3954021.48006435914375538,0.7603887462,0.00152488326977529,0,19869.454673690246953543,True,129.8612388963,6.9673003648,145.8763618325,-0.3008298248,2,0,2,0,3,3954021480064359143755380,247,246,30255937,303451770685282980,34019517,3.5605255939,2023-01-04,2023-01-06,32.7197098683,2023-07-18,2023-10-30,32.7197098683,2023-07-18,2023-10-30
2024,passive,historical_close_oracle_mark,2024-01-02,2024-12-31,252,first observed Close to last observed Close within an independently reset calendar-year window,248.41999817,403.83999634,2194.37665050166666708,3567.253301003333334006,0,0,0,0,0,0,0,True,62.5634004166,0,62.5634004166,62.5634004166,0,0,0,0,0,0,0,0,0,0,0,42.8186119892,2024-01-02,2024-04-22,42.8186119892,2024-01-02,2024-04-22,42.8186119892,2024-01-02,2024-04-22
2024,keeper500,historical_close_oracle_mark,2024-01-02,2024-12-31,252,first observed Close to last observed Close within an independently reset calendar-year window,248.41999817,403.83999634,2194.37665050166666708,1944.035896,0.79980761515725447,141.246063,9886106.683321995824569991,1.9011743622,0.004019133744508812,30.516661,49678.928056894451379745,True,62.5634004166,18.8694398011,93.2382033968,-11.4082855577,20,6,7,7,8,9886106683321995824569991,231,243,34201911,799807615157254470,141246063,11.4083422743,2024-01-02,2024-04-22,37.3286166746,2024-01-02,2024-04-22,42.8186119892,2024-01-02,2024-04-22
2024,keeper1,historical_close_oracle_mark,2024-01-02,2024-12-31,252,first observed Close to last observed Close within an independently reset calendar-year window,248.41999817,403.83999634,2194.37665050166666708,1857.530374,0.252873034358374568,49.738445,3313261.163838511043445137,0.6371656084,0.00127071876561997,64.018311,16649.553587128196198212,True,62.5634004166,5.789711232,71.9753518697,-15.3504311315,40,15,9,16,9,3313261163838511043445137,211,242,31026058,252873034358374568,49738445,15.3504311315,2024-01-02,2024-04-22,39.5079747449,2024-01-02,2024-04-22,42.8186119892,2024-01-02,2024-04-22
2025,passive,historical_close_oracle_mark,2025-01-02,2025-12-31,250,first observed Close to last observed Close within an independently reset calendar-year window,379.27999878,449.72000122,3350.306655890000000632,3972.526677443333334082,0,0,0,0,0,0,0,True,18.5720319201,0,18.5720319201,18.5720319201,0,0,0,0,0,0,0,0,0,0,0,48.1901826216,2025-01-15,2025-04-08,48.1901826216,2025-01-15,2025-04-08,48.1901826216,2025-01-15,2025-04-08
2025,keeper500,historical_close_oracle_mark,2025-01-02,2025-12-31,250,first observed Close to last observed Close within an independently reset calendar-year window,379.27999878,449.72000122,3350.306655890000000632,3060.97839,0.835874311374701155,348.42367,10293479.92341498045957411,1.9795153699,0.004200373423993472,24.645509,51726.029765904424419967,True,18.5720319201,19.7587474248,42.0003802236,-8.6358741335,10,4,2,4,7,10293479923414980459574110,239,242,25276627,835874311374701155,348423670,14.1444924998,2025-01-03,2025-03-10,47.6831662743,2025-01-21,2025-04-08,48.1901826216,2025-01-15,2025-04-08
2025,keeper1,historical_close_oracle_mark,2025-01-02,2025-12-31,250,first observed Close to last observed Close within an independently reset calendar-year window,379.27999878,449.72000122,3350.306655890000000632,3029.912683,1.410311014249258098,472.895195,16396052.674039051268113578,3.1530870527,0.007086990021353049,69.012164,82392.224492658549085988,True,18.5720319201,34.3695669148,59.3247257731,-9.5631237913,37,9,14,14,18,16396052674039051268113578,212,231,37644781,1410311014249258098,472895195,14.996095103,2025-01-03,2025-04-21,46.672436815,2025-01-15,2025-04-08,48.1901826216,2025-01-15,2025-04-08
