stageLabel,mode,scenario,point,phase,valuationBasis,tslaUsd,funStock,funUsdOracleMark,tslaIndex,funStockIndex,funUsdOracleMarkIndex,treasuryNavUsdOracleMark,holderMarkUsdOracleMark,lpMarkUsdOracleMark,tslaActualSpotUsd,funUsdActualSpotMark,treasuryNavUsdActualSpotMark,holderMarkUsdActualSpotMark,lpMarkUsdActualSpotMark,spotDeviationFromOracleBps,keeperActions,keeperBuybacks,immediateTreasuryHealthy,settledTreasuryHealthy
Active,passive,crash50_recover,0,after_stock_move,oracle_scenario_input_mark,358,0.000000034828090566,0.000012468456422628,100,100,100,0,1233.703100640852771166,0,358,0.000012468456422628,0,1233.703100640852771166,0,0,0,0,False,False
Active,passive,crash50_recover,1,after_stock_move,oracle_scenario_input_mark,179,0.000000034828090566,0.000006234228211314,50,100,50,0,616.851550320426385583,0,179,0.000006234228211314,0,616.851550320426385583,0,0,0,0,False,False
Active,passive,crash50_recover,2,after_stock_move,oracle_scenario_input_mark,250.6,0.000000034828090566,0.000008727919495839,70,100,70,0,863.592170448537572254,0,250.6,0.00000872791949584,0,863.592170448596939816,0,0,0,0,False,False
Active,passive,crash50_recover,3,after_stock_move,oracle_scenario_input_mark,358,0.000000034828090566,0.000012468456422628,100,100,100,0,1233.703100640852771166,0,358,0.000012468456422628,0,1233.703100640852771166,0,0,0,0,False,False
Active,passive,down20,0,after_stock_move,oracle_scenario_input_mark,358,0.000000034828090566,0.000012468456422628,100,100,100,0,1233.703100640852771166,0,358,0.000012468456422628,0,1233.703100640852771166,0,0,0,0,False,False
Active,passive,down20,1,after_stock_move,oracle_scenario_input_mark,340.1,0.000000034828090566,0.000011845033601496,95,100,95,0,1172.017945608750765045,0,340.1,0.000011845033601497,0,1172.017945608810132608,0,0,0,0,False,False
Active,passive,down20,2,after_stock_move,oracle_scenario_input_mark,322.2,0.000000034828090566,0.000011221610780365,90,100,90,0,1110.332790576747704862,0,322.2,0.000011221610780365,0,1110.33279057676749405,0,0,0,0,False,False
Active,passive,down20,3,after_stock_move,oracle_scenario_input_mark,286.4,0.000000034828090566,0.000009974765138102,80,100,80,0,986.962480512642638558,0,286.4,0.000009974765138102,0,986.962480512682216933,0,0,0,0,False,False
Active,passive,flat_one_bps_noise,0,after_stock_move,oracle_scenario_input_mark,358,0.000000034828090566,0.000012468456422628,100,100,100,0,1233.703100640852771166,0,358,0.000012468456422628,0,1233.703100640852771166,0,0,0,0,False,False
Active,passive,flat_one_bps_noise,1,after_stock_move,oracle_scenario_input_mark,358.0358,0.000000034828090566,0.00001246970326827,100.01,100,100.01,0,1233.826470950890853451,0,358.0358,0.00001246970326827,0,1233.826470950916856443,0,0,0,0,False,False
Active,passive,flat_one_bps_noise,2,after_stock_move,oracle_scenario_input_mark,357.9642,0.000000034828090566,0.000012467209576985,99.99,100,99.99,0,1233.579730330715742944,0,357.9642,0.000012467209576986,0,1233.579730330788685889,0,0,0,0,False,False
Active,passive,flat_one_bps_noise,3,after_stock_move,oracle_scenario_input_mark,358,0.000000034828090566,0.000012468456422628,100,100,100,0,1233.703100640852771166,0,358,0.000012468456422628,0,1233.703100640852771166,0,0,0,0,False,False
Active,passive,up20,0,after_stock_move,oracle_scenario_input_mark,358,0.000000034828090566,0.000012468456422628,100,100,100,0,1233.703100640852771166,0,358,0.000012468456422628,0,1233.703100640852771166,0,0,0,0,False,False
Active,passive,up20,1,after_stock_move,oracle_scenario_input_mark,375.9,0.000000034828090566,0.000013091879243759,105,100,105,0,1295.388255672855831349,0,375.9,0.000013091879243759,0,1295.388255672895409725,0,0,0,0,False,False
Active,passive,up20,2,after_stock_move,oracle_scenario_input_mark,393.8,0.000000034828090566,0.00001371530206489,110,100,110,0,1357.073410704858891533,0,393.8,0.000013715302064891,0,1357.073410704938048283,0,0,0,0,False,False
Active,passive,up20,3,after_stock_move,oracle_scenario_input_mark,429.6,0.000000034828090566,0.000014962147707153,120,100,120,0,1480.443720768963957837,0,429.6,0.000014962147707154,0,1480.4437207690233254,0,0,0,0,False,False
Active,scripted_flow,crash50_recover,0,after_stock_move,oracle_scenario_input_mark,358,0.000000034828090566,0.000012468456422628,100,100,100,0,1233.703100640852771166,0,358,0.000012468456422628,0,1233.703100640852771166,0,0,0,0,False,False
Active,scripted_flow,crash50_recover,1,after_stock_move,oracle_scenario_input_mark,179,0.000000034828090566,0.000006234228211314,50,100,50,0,616.851550320426385583,0,179,0.000006234228211314,0,616.851550320426385583,0,0,0,0,False,False
Active,scripted_flow,crash50_recover,1,after_user_trade,oracle_scenario_input_mark,179,0.000000034373117532,0.000006152788038228,50,98.6936607,49.34683035,0,608.793376104844610676,0,178.999829393543341147,0.000006152782173952,0,608.79279585858352337,0,-0.009531086964,0,0,False,False
Active,scripted_flow,crash50_recover,2,after_stock_move,oracle_scenario_input_mark,250.6,0.000000034373117532,0.000008613903253519,70,98.6936607,69.08556249,0,852.310726546762665759,0,250.6,0.000008613903253519,0,852.310726546782454947,0,0,0,0,False,False
Active,scripted_flow,crash50_recover,2,after_user_trade,oracle_scenario_input_mark,250.6,0.000000035257763624,0.000008835595564174,70,101.23369686,70.8635878,0,874.246279896169330159,0,250.600583977581676132,0.000008835616153918,0,874.248317167670692824,0,0.023303175645,0,0,False,False
Active,scripted_flow,crash50_recover,3,after_stock_move,oracle_scenario_input_mark,358,0.000000035257763624,0.000012622279377392,100,101.23369686,101.23369686,0,1248.923256994584155049,0,358,0.000012622279377392,0,1248.923256994584155049,0,0,0,0,False,False
Active,scripted_flow,crash50_recover,3,after_user_trade,oracle_scenario_input_mark,358,0.00000003588370363,0.00001284636589954,100,103.03092431,103.03092431,0,1271.09570784295817749,0,358.000697986646409933,0.000012846390945886,0,1271.09818607712125952,0,0.019496833699,0,0,False,False
Active,scripted_flow,down20,0,after_stock_move,oracle_scenario_input_mark,358,0.000000034828090566,0.000012468456422628,100,100,100,0,1233.703100640852771166,0,358,0.000012468456422628,0,1233.703100640852771166,0,0,0,0,False,False
Active,scripted_flow,down20,1,after_stock_move,oracle_scenario_input_mark,340.1,0.000000034828090566,0.000011845033601496,95,100,95,0,1172.017945608750765045,0,340.1,0.000011845033601497,0,1172.017945608810132608,0,0,0,0,False,False
Active,scripted_flow,down20,1,after_user_trade,oracle_scenario_input_mark,340.1,0.000000034373117532,0.000011690297272633,95,98.6936607,93.75897767,0,1156.707414599184971098,0,340.099553187054819689,0.000011690281914279,0,1156.705894952493119669,0,-0.013137693184,0,0,False,False
Active,scripted_flow,down20,2,after_stock_move,oracle_scenario_input_mark,322.2,0.000000034373117532,0.00001107501846881,90,98.6936607,88.82429463,0,1095.828076988680720843,0,322.2,0.00001107501846881,0,1095.828076988720299218,0,0,0,0,False,False
Active,scripted_flow,down20,2,after_user_trade,oracle_scenario_input_mark,322.2,0.000000034015527471,0.000010959802951156,90,97.66693183,87.90023865,0,1084.427969665554573274,0,322.199674262348158748,0.000010959791871018,0,1084.426873330936156873,0,-0.010109796767,0,0,False,False
Active,scripted_flow,down20,3,after_stock_move,oracle_scenario_input_mark,286.4,0.000000034015527471,0.000009742047067694,80,97.66693183,78.13354546,0,963.935973036026521591,0,286.4,0.000009742047067694,0,963.935973036066099966,0,0,0,0,False,False
Active,scripted_flow,down20,3,after_user_trade,oracle_scenario_input_mark,286.4,0.000000033733457836,0.00000966126232423,80,96.85704065,77.48563252,0,955.942650918371302278,0,286.399783653329116785,0.000009661255026109,0,955.941928798962272156,0,-0.007554003872,0,0,False,False
Active,scripted_flow,flat_one_bps_noise,0,after_stock_move,oracle_scenario_input_mark,358,0.000000034828090566,0.000012468456422628,100,100,100,0,1233.703100640852771166,0,358,0.000012468456422628,0,1233.703100640852771166,0,0,0,0,False,False
Active,scripted_flow,flat_one_bps_noise,1,after_stock_move,oracle_scenario_input_mark,358.0358,0.000000034828090566,0.00001246970326827,100.01,100,100.01,0,1233.826470950890853451,0,358.0358,0.00001246970326827,0,1233.826470950916856443,0,0,0,0,False,False
Active,scripted_flow,flat_one_bps_noise,1,after_user_trade,oracle_scenario_input_mark,358.0358,0.000000035450159181,0.000012692426102496,100.01,101.78611174,101.79629035,0,1255.863990420379462767,0,358.036498021544852803,0.000012692450847472,0,1255.8664388351659199,0,0.01949585893,0,0,False,False
Active,scripted_flow,flat_one_bps_noise,2,after_stock_move,oracle_scenario_input_mark,357.9642,0.000000035450159181,0.000012689887871099,99.99,101.78611174,101.77593313,0,1255.612842737099285957,0,357.9642,0.000012689887871099,0,1255.612842737130968446,0,0,0,0,False,False
Active,scripted_flow,flat_one_bps_noise,2,after_user_trade,oracle_scenario_input_mark,357.9642,0.000000034859718439,0.000012478531223241,99.99,100.09081139,100.08080231,0,1234.699961225138048282,0,357.963578822288093778,0.000012478509569162,0,1234.697818641981684649,0,-0.017353068042,0,0,False,False
Active,scripted_flow,flat_one_bps_noise,3,after_stock_move,oracle_scenario_input_mark,358,0.000000034859718439,0.000012479779201162,100,100.09081139,100.09081139,0,1234.823443569582454947,0,358,0.000012479779201162,0,1234.823443569582454947,0,0,0,0,False,False
Active,scripted_flow,flat_one_bps_noise,3,after_user_trade,oracle_scenario_input_mark,358,0.000000035482130706,0.000012702602792748,100,101.87790984,101.87790984,0,1256.87093257044134648,0,358.000697986646409933,0.000012702627558801,0,1256.873383070796639686,0,0.019496833699,0,0,False,False
Active,scripted_flow,up20,0,after_stock_move,oracle_scenario_input_mark,358,0.000000034828090566,0.000012468456422628,100,100,100,0,1233.703100640852771166,0,358,0.000012468456422628,0,1233.703100640852771166,0,0,0,0,False,False
Active,scripted_flow,up20,1,after_stock_move,oracle_scenario_input_mark,375.9,0.000000034828090566,0.000013091879243759,105,100,105,0,1295.388255672855831349,0,375.9,0.000013091879243759,0,1295.388255672895409725,0,0,0,0,False,False
Active,scripted_flow,up20,1,after_user_trade,oracle_scenario_input_mark,375.9,0.000000035420471502,0.000013314555237601,105,101.70087113,106.78591468,0,1317.421140476671540292,0,375.900715223471704399,0.000013314580571154,0,1317.423647128843776452,0,0.019026961205,0,0,False,False
Active,scripted_flow,up20,2,after_stock_move,oracle_scenario_input_mark,393.8,0.000000035420471502,0.000013948581677487,110,101.70087113,111.87095824,0,1380.155480499393743624,0,393.8,0.000013948581677488,0,1380.155480499453111187,0,0,0,0,False,False
Active,scripted_flow,up20,2,after_user_trade,oracle_scenario_input_mark,393.8,0.000000035990586032,0.000014173092779401,110,103.33780993,113.67159093,0,1402.369941790442366541,0,393.800732054554053948,0.000014173119126474,0,1402.372548726261907052,0,0.018589501119,0,0,False,False
Active,scripted_flow,up20,3,after_stock_move,oracle_scenario_input_mark,429.6,0.000000035990586032,0.000015461555759347,120,103.33780993,124.00537192,0,1529.858118316891193471,0,429.6,0.000015461555759347,0,1529.858118316910982659,0,0,0,0,False,False
Active,scripted_flow,up20,3,after_user_trade,oracle_scenario_input_mark,429.6,0.000000036517189508,0.000015687784612636,120,104.84981782,125.81978138,0,1552.242544126853451207,0,429.600764606029680545,0.0000156878125339,0,1552.245306822483739526,0,0.017798091939,0,0,False,False
Graduated,keeper,crash50_recover,0,after_stock_move,oracle_scenario_input_mark,358,0.000000073611111111,0.000026352777777738,100,100,100,3162.33333333333333393,9782.950506435560320895,6324.666666661893965518,358,0.000026352777777738,3162.33333333333333393,9782.950506435560320895,6324.666666661893965519,0,0,0,True,True
Graduated,keeper,crash50_recover,1,after_stock_move,oracle_scenario_input_mark,179,0.000000073611111111,0.000013176388888869,50,100,50,1581.166666666666666965,4891.475253217780160447,3162.333333330946982759,179,0.000013176388888869,1581.166666666666666965,4891.475253217780160448,3162.333333330946982759,0,0,0,False,True
Graduated,keeper,crash50_recover,1,after_keeper,oracle_scenario_input_mark,179,0.000000073611111111,0.000013176388888869,50,100,50,1568.506859,4891.475253217780160447,3162.333333330946982759,178.992196393633456778,0.000013175814456734,1568.506859,4891.262006584105306323,3162.195469618471489872,-0.435955662935,1,0,False,True
Graduated,keeper,crash50_recover,2,after_stock_move,oracle_scenario_input_mark,250.6,0.000000073611111111,0.000018446944444416,70,100,70,1568.506859,6848.065354504669486425,4427.266666663253775862,250.6,0.000018446944444417,1568.506859,6848.065354504892224627,4427.266666663325775863,0,1,0,False,True
Graduated,keeper,crash50_recover,2,after_keeper,oracle_scenario_input_mark,250.6,0.000000073611111111,0.000018446944444416,70,100,70,1568.506859,6848.065354504669486425,4427.266666663253775862,250.6,0.000018446944444417,1568.506859,6848.065354504892224627,4427.266666663325775863,0,1,0,False,True
Graduated,keeper,crash50_recover,3,after_stock_move,oracle_scenario_input_mark,358,0.000000073611111111,0.000026352777777738,100,100,100,1568.506859,9782.950506435560320895,6324.666666661893965518,358,0.000026352777777738,1568.506859,9782.950506435560320895,6324.666666661893965519,0,1,0,False,True
Graduated,keeper,crash50_recover,3,after_keeper,oracle_scenario_input_mark,358,0.000000073611111111,0.000026352777777738,100,100,100,1568.506859,9782.950506435560320895,6324.666666661893965518,358,0.000026352777777738,1568.506859,9782.950506435560320895,6324.666666661893965519,0,1,0,False,True
Graduated,keeper,down20,0,after_stock_move,oracle_scenario_input_mark,358,0.000000073611111111,0.000026352777777738,100,100,100,3162.33333333333333393,9782.950506435560320895,6324.666666661893965518,358,0.000026352777777738,3162.33333333333333393,9782.950506435560320895,6324.666666661893965519,0,0,0,True,True
Graduated,keeper,down20,1,after_stock_move,oracle_scenario_input_mark,340.1,0.000000073611111111,0.000025035138888851,95,100,95,3004.216666666666667233,9293.802981113745181816,6008.433333328787267242,340.1,0.000025035138888851,3004.216666666666667234,9293.80298111378230485,6008.433333328799267243,0,0,0,False,True
Graduated,keeper,down20,1,after_keeper,oracle_scenario_input_mark,340.1,0.000000073611111111,0.000025035138888851,95,100,95,2988.206980666666667401,9293.802981113745181816,6008.433333328787267242,340.086394150280610202,0.000025034137347136,2988.166806538315084853,9293.431178447852722307,6008.192963317090228865,-0.400054387515,1,0,False,True
Graduated,keeper,down20,2,after_stock_move,oracle_scenario_input_mark,322.2,0.000000073611111111,0.000023717499999964,90,100,90,2935.353471894736842801,8804.655455791930042738,5692.199999995680568966,322.2,0.000023717499999964,2935.353471894736842802,8804.655455792004288806,5692.199999995704568967,0,1,0,False,True
Graduated,keeper,down20,2,after_keeper,oracle_scenario_input_mark,322.2,0.000000073611111111,0.000023717499999964,90,100,90,2927.747611,8804.655455791930042738,5692.199999995680568966,322.19370047044718348,0.000023717036284594,2927.747611,8804.48331058019134983,5692.088708306938227763,-0.195516125165,2,0,False,True
Graduated,keeper,down20,3,after_stock_move,oracle_scenario_input_mark,286.4,0.000000073611111111,0.00002108222222219,80,100,80,2927.747611,7826.360405148299764582,5059.733333329467172414,286.4,0.00002108222222219,2927.747611,7826.360405148448256716,5059.733333329515172415,0,2,0,False,True
Graduated,keeper,down20,3,after_keeper,oracle_scenario_input_mark,286.4,0.000000073611111111,0.00002108222222219,80,100,80,2923.082948458195252388,7826.360405148299764582,5059.733333329467172414,286.403637307232330469,0.000021082489968417,2923.090325565227088937,7826.459800669762751375,5059.79759242395296221,0.12700095085,3,0,False,True
Graduated,keeper,flat_one_bps_noise,0,after_stock_move,oracle_scenario_input_mark,358,0.000000073611111111,0.000026352777777738,100,100,100,3162.33333333333333393,9782.950506435560320895,6324.666666661893965518,358,0.000026352777777738,3162.33333333333333393,9782.950506435560320895,6324.666666661893965519,0,0,0,True,True
Graduated,keeper,flat_one_bps_noise,1,after_stock_move,oracle_scenario_input_mark,358.0358,0.000000073611111111,0.000026355413055515,100.01,100,100.01,3162.649566666666667263,9783.928801485916618894,6325.299133328467298914,358.0358,0.000026355413055516,3162.649566666666667263,9783.928801486203876927,6325.299133328560154915,0,0,0,True,True
Graduated,keeper,flat_one_bps_noise,1,after_keeper,oracle_scenario_input_mark,358.0358,0.000000073618412894,0.000026358027355233,100.01,100.0099194,100.0199204,3157.72365233333333381,9784.899308844415572934,6325.612841515325373972,358.024763376549390158,0.000026357214856531,3157.674907246426473675,9784.597684679755470816,6325.41785149756696295,-0.308254745772,1,1,True,True
Graduated,keeper,flat_one_bps_noise,2,after_stock_move,oracle_scenario_input_mark,357.9642,0.000000073618412894,0.00002635275627687,99.99,100.0099194,99.99991841,3157.407419000000000477,9782.942524661143086807,6324.347845446654410741,357.9642,0.00002635275627687,3157.407419000000000477,9782.942524661289648544,6324.347845446701784393,0,1,1,True,True
Graduated,keeper,flat_one_bps_noise,2,after_keeper,oracle_scenario_input_mark,357.9642,0.000000073618412894,0.00002635275627687,99.99,100.0099194,99.99991841,3144.758892,9782.942524661143086807,6324.347845446654410741,357.953165583708540688,0.000026351943940656,3144.758892,9782.640960816713759037,6324.152894423949641343,-0.30825474423,2,1,True,True
Graduated,keeper,flat_one_bps_noise,3,after_stock_move,oracle_scenario_input_mark,358,0.000000073618412894,0.000026355391816052,100,100.0099194,100.0099194,3144.758892,9783.920916752964945038,6324.980343481049889381,358,0.000026355391816052,3144.758892,9783.920916752964945038,6324.980343481049889382,0,2,1,True,True
Graduated,keeper,flat_one_bps_noise,3,after_keeper,oracle_scenario_input_mark,358,0.000000073618412894,0.000026355391816052,100,100.0099194,100.0099194,3144.758892,9783.920916752964945038,6324.980343481049889381,358,0.000026355391816052,3144.758892,9783.920916752964945038,6324.980343481049889382,0,2,1,True,True
Graduated,keeper,up20,0,after_stock_move,oracle_scenario_input_mark,358,0.000000073611111111,0.000026352777777738,100,100,100,3162.33333333333333393,9782.950506435560320895,6324.666666661893965518,358,0.000026352777777738,3162.33333333333333393,9782.950506435560320895,6324.666666661893965519,0,0,0,True,True
Graduated,keeper,up20,1,after_stock_move,oracle_scenario_input_mark,375.9,0.000000073611111111,0.000027670416666624,105,100,105,3320.450000000000000626,10272.098031757004229638,6640.899999994880663793,375.9,0.000027670416666625,3320.450000000000000626,10272.09803175733833694,6640.899999994988663795,0,0,0,False,True
Graduated,keeper,up20,1,after_keeper,oracle_scenario_input_mark,375.9,0.000000075836006944,0.000028506755010249,105,103.0225,108.173625,3265.330874807087921001,10582.57219472093462932,6740.513499980178023815,375.888691385416114456,0.000028505897410075,3265.280064819038359465,10582.253827521752618042,6740.310717673069513022,-0.300841037081,1,1,False,True
Graduated,keeper,up20,2,after_stock_move,oracle_scenario_input_mark,393.8,0.000000075836006944,0.000029864219534547,110,103.0225,113.32475,3345.756180607425441049,11086.504203993519186574,7061.490333312618122063,393.8,0.000029864219534547,3345.756180607425441049,11086.504203993593432641,7061.490333312641767384,0,1,1,False,True
Graduated,keeper,up20,2,after_keeper,oracle_scenario_input_mark,393.8,0.000000078121303152,0.000030764169181257,110,106.12705334,116.73975867,3287.235903357263523734,11420.59281227243764995,7167.098607663703587092,393.788425257952481833,0.000030763264947325,3287.231951942214656165,11420.257133207572028288,7166.887949162979077625,-0.293924379063,2,2,False,True
Graduated,keeper,up20,3,after_stock_move,oracle_scenario_input_mark,429.6,0.000000078121303152,0.000033560911834099,120,106.12705334,127.35246401,3299.457398935196571346,12458.828522479191631916,7818.653026542275042516,429.6,0.000033560911834099,3299.457398935196571346,12458.828522479265877983,7818.65302654229833942,0,2,2,False,True
Graduated,keeper,up20,3,after_keeper,oracle_scenario_input_mark,429.6,0.000000080476185019,0.000034572569084162,120,109.32613814,131.19136577,3240.797678097646595489,12834.386381704328087945,7935.62050989570901801,429.6,0.000034572569084162,3240.79767809764659549,12834.38638170447658008,7935.620509895754925044,0,2,3,False,True
Graduated,passive,crash50_recover,0,after_stock_move,oracle_scenario_input_mark,358,0.000000073611111111,0.000026352777777738,100,100,100,3162.33333333333333393,9782.950506435560320895,6324.666666661893965518,358,0.000026352777777738,3162.33333333333333393,9782.950506435560320895,6324.666666661893965519,0,0,0,True,True
Graduated,passive,crash50_recover,1,after_stock_move,oracle_scenario_input_mark,179,0.000000073611111111,0.000013176388888869,50,100,50,1581.166666666666666965,4891.475253217780160447,3162.333333330946982759,179,0.000013176388888869,1581.166666666666666965,4891.475253217780160448,3162.333333330946982759,0,0,0,False,True
Graduated,passive,crash50_recover,2,after_stock_move,oracle_scenario_input_mark,250.6,0.000000073611111111,0.000018446944444416,70,100,70,2213.633333333333333751,6848.065354504669486425,4427.266666663253775862,250.6,0.000018446944444417,2213.633333333333333751,6848.065354504892224627,4427.266666663325775863,0,0,0,False,True
Graduated,passive,crash50_recover,3,after_stock_move,oracle_scenario_input_mark,358,0.000000073611111111,0.000026352777777738,100,100,100,3162.33333333333333393,9782.950506435560320895,6324.666666661893965518,358,0.000026352777777738,3162.33333333333333393,9782.950506435560320895,6324.666666661893965519,0,0,0,False,True
Graduated,passive,down20,0,after_stock_move,oracle_scenario_input_mark,358,0.000000073611111111,0.000026352777777738,100,100,100,3162.33333333333333393,9782.950506435560320895,6324.666666661893965518,358,0.000026352777777738,3162.33333333333333393,9782.950506435560320895,6324.666666661893965519,0,0,0,True,True
Graduated,passive,down20,1,after_stock_move,oracle_scenario_input_mark,340.1,0.000000073611111111,0.000025035138888851,95,100,95,3004.216666666666667233,9293.802981113745181816,6008.433333328787267242,340.1,0.000025035138888851,3004.216666666666667234,9293.80298111378230485,6008.433333328799267243,0,0,0,False,True
Graduated,passive,down20,2,after_stock_move,oracle_scenario_input_mark,322.2,0.000000073611111111,0.000023717499999964,90,100,90,2846.100000000000000537,8804.655455791930042738,5692.199999995680568966,322.2,0.000023717499999964,2846.100000000000000537,8804.655455792004288806,5692.199999995704568967,0,0,0,False,True
Graduated,passive,down20,3,after_stock_move,oracle_scenario_input_mark,286.4,0.000000073611111111,0.00002108222222219,80,100,80,2529.866666666666667144,7826.360405148299764582,5059.733333329467172414,286.4,0.00002108222222219,2529.866666666666667144,7826.360405148448256716,5059.733333329515172415,0,0,0,False,True
Graduated,passive,flat_one_bps_noise,0,after_stock_move,oracle_scenario_input_mark,358,0.000000073611111111,0.000026352777777738,100,100,100,3162.33333333333333393,9782.950506435560320895,6324.666666661893965518,358,0.000026352777777738,3162.33333333333333393,9782.950506435560320895,6324.666666661893965519,0,0,0,True,True
Graduated,passive,flat_one_bps_noise,1,after_stock_move,oracle_scenario_input_mark,358.0358,0.000000073611111111,0.000026355413055515,100.01,100,100.01,3162.649566666666667263,9783.928801485916618894,6325.299133328467298914,358.0358,0.000026355413055516,3162.649566666666667263,9783.928801486203876927,6325.299133328560154915,0,0,0,True,True
Graduated,passive,flat_one_bps_noise,2,after_stock_move,oracle_scenario_input_mark,357.9642,0.000000073611111111,0.00002635014249996,99.99,100,99.99,3162.017100000000000596,9781.972211384832792561,6324.034199995200632121,357.9642,0.00002635014249996,3162.017100000000000597,9781.972211384916764863,6324.034199995227776122,0,0,0,True,True
Graduated,passive,flat_one_bps_noise,3,after_stock_move,oracle_scenario_input_mark,358,0.000000073611111111,0.000026352777777738,100,100,100,3162.33333333333333393,9782.950506435560320895,6324.666666661893965518,358,0.000026352777777738,3162.33333333333333393,9782.950506435560320895,6324.666666661893965519,0,0,0,True,True
Graduated,passive,up20,0,after_stock_move,oracle_scenario_input_mark,358,0.000000073611111111,0.000026352777777738,100,100,100,3162.33333333333333393,9782.950506435560320895,6324.666666661893965518,358,0.000026352777777738,3162.33333333333333393,9782.950506435560320895,6324.666666661893965519,0,0,0,True,True
Graduated,passive,up20,1,after_stock_move,oracle_scenario_input_mark,375.9,0.000000073611111111,0.000027670416666624,105,100,105,3320.450000000000000626,10272.098031757004229638,6640.899999994880663793,375.9,0.000027670416666625,3320.450000000000000626,10272.09803175733833694,6640.899999994988663795,0,0,0,False,True
Graduated,passive,up20,2,after_stock_move,oracle_scenario_input_mark,393.8,0.000000073611111111,0.000028988055555511,110,100,110,3478.566666666666667323,10761.245557078819368717,6957.133333327987362069,393.8,0.000028988055555512,3478.566666666666667323,10761.245557079116352985,6957.133333328083362071,0,0,0,False,True
Graduated,passive,up20,3,after_stock_move,oracle_scenario_input_mark,429.6,0.000000073611111111,0.000031623333333285,120,100,120,3794.800000000000000716,11739.540607722449646873,7589.599999994200758621,429.6,0.000031623333333286,3794.800000000000000716,11739.540607722672385074,7589.599999994272758622,0,0,0,False,True
Graduated,scripted_flow,crash50_recover,0,after_stock_move,oracle_scenario_input_mark,358,0.000000073611111111,0.000026352777777738,100,100,100,3162.33333333333333393,9782.950506435560320895,6324.666666661893965518,358,0.000026352777777738,3162.33333333333333393,9782.950506435560320895,6324.666666661893965519,0,0,0,True,True
Graduated,scripted_flow,crash50_recover,1,after_stock_move,oracle_scenario_input_mark,179,0.000000073611111111,0.000013176388888869,50,100,50,1581.166666666666666965,4891.475253217780160447,3162.333333330946982759,179,0.000013176388888869,1581.166666666666666965,4891.475253217780160448,3162.333333330946982759,0,0,0,False,True
Graduated,scripted_flow,crash50_recover,1,after_user_trade,oracle_scenario_input_mark,179,0.00000006704740096,0.00001200148477184,50,91.08326168,45.54163084,1581.166666666666666965,4455.315204981351916638,3018.053492308525689597,178.999654634724435447,0.000012001461615996,1581.163615940065846747,4455.306608829600546093,3018.047669231005914762,-0.019294149473,0,0,False,True
Graduated,scripted_flow,crash50_recover,2,after_stock_move,oracle_scenario_input_mark,250.6,0.00000006704740096,0.000016802078680576,70,91.08326168,63.75828318,2213.633333333333333751,6237.441286973892683293,4225.274889231935965435,250.6,0.000016802078680576,2213.633333333333333751,6237.441286973892683294,4225.274889231935965436,0,0,0,False,True
Graduated,scripted_flow,crash50_recover,2,after_user_trade,oracle_scenario_input_mark,250.6,0.000000073505063636,0.000018420368947181,70,99.85593551,69.89915485,2213.633333333333333751,6838.199723779640235269,4424.076457591289456205,250.600583977581676132,0.000018420411872491,2213.638491801971472917,6838.215658956789195969,4424.086767094437543688,0.023303175645,0,0,False,True
Graduated,scripted_flow,crash50_recover,3,after_stock_move,oracle_scenario_input_mark,358,0.000000073505063636,0.000026314812781688,100,99.85593551,99.85593551,3162.33333333333333393,9768.856748256947104957,6320.109225130516440178,358,0.000026314812781688,3162.33333333333333393,9768.856748256947104958,6320.109225130516440178,0,0,0,False,True
Graduated,scripted_flow,crash50_recover,3,after_user_trade,oracle_scenario_input_mark,358,0.000000078202056024,0.000027996336056592,100,106.23675535,106.23675535,3162.33333333333333393,10393.089195877779375154,6518.910831344614840225,358.000697986646409933,0.000027996390640583,3162.339498882043288338,10393.10945911094605124,6518.923541156652314013,0.019496833699,0,0,False,True
Graduated,scripted_flow,down20,0,after_stock_move,oracle_scenario_input_mark,358,0.000000073611111111,0.000026352777777738,100,100,100,3162.33333333333333393,9782.950506435560320895,6324.666666661893965518,358,0.000026352777777738,3162.33333333333333393,9782.950506435560320895,6324.666666661893965519,0,0,0,True,True
Graduated,scripted_flow,down20,1,after_stock_move,oracle_scenario_input_mark,340.1,0.000000073611111111,0.000025035138888851,95,100,95,3004.216666666666667233,9293.802981113745181816,6008.433333328787267242,340.1,0.000025035138888851,3004.216666666666667234,9293.80298111378230485,6008.433333328799267243,0,0,0,False,True
Graduated,scripted_flow,down20,1,after_user_trade,oracle_scenario_input_mark,340.1,0.00000006704740096,0.000022802821066496,95,91.08326168,86.5290986,3004.216666666666667233,8465.098889464568641612,5734.301635386198810234,340.099095499454106525,0.000022802760422085,3004.208676911844608204,8465.07637641968018836,5734.286384933509822692,-0.026595135134,0,0,False,True
Graduated,scripted_flow,down20,2,after_stock_move,oracle_scenario_input_mark,322.2,0.00000006704740096,0.000021602672589312,90,91.08326168,81.97493551,2846.100000000000000537,8019.567368966433449949,5432.496286155346241274,322.2,0.000021602672589312,2846.100000000000000537,8019.567368966433449949,5432.496286155346241275,0,0,0,False,True
Graduated,scripted_flow,down20,2,after_user_trade,oracle_scenario_input_mark,322.2,0.000000062408490383,0.000020108015601402,90,84.78134543,76.30321088,2846.100000000000000537,7464.705355551896110269,5241.194819648675917304,322.199385633433156031,0.000020107977259713,2846.094573095326212144,7464.691121953727190046,5241.184825809935031592,-0.019067863651,0,0,False,True
Graduated,scripted_flow,down20,3,after_stock_move,oracle_scenario_input_mark,286.4,0.000000062408490383,0.000017873791645691,80,84.78134543,67.82507634,2529.866666666666667144,6635.293649379586952573,4658.839839687755368495,286.4,0.000017873791645691,2529.866666666666667144,6635.29364937966119864,4658.839839687781433697,0,0,0,False,True
Graduated,scripted_flow,down20,3,after_user_trade,oracle_scenario_input_mark,286.4,0.000000059035414399,0.000016907742683873,80,80.19905352,64.15924282,2529.866666666666667144,6276.666970250425187072,4531.189757642423757929,286.399613495732883812,0.000016907719866434,2529.86325254564047415,6276.658499724924220277,4531.183642683787529344,-0.013495260723,0,0,False,True
Graduated,scripted_flow,flat_one_bps_noise,0,after_stock_move,oracle_scenario_input_mark,358,0.000000073611111111,0.000026352777777738,100,100,100,3162.33333333333333393,9782.950506435560320895,6324.666666661893965518,358,0.000026352777777738,3162.33333333333333393,9782.950506435560320895,6324.666666661893965519,0,0,0,True,True
Graduated,scripted_flow,flat_one_bps_noise,1,after_stock_move,oracle_scenario_input_mark,358.0358,0.000000073611111111,0.000026355413055515,100.01,100,100.01,3162.649566666666667263,9783.928801485916618894,6325.299133328467298914,358.0358,0.000026355413055516,3162.649566666666667263,9783.928801486203876927,6325.299133328560154915,0,0,0,True,True
Graduated,scripted_flow,flat_one_bps_noise,1,after_user_trade,oracle_scenario_input_mark,358.0358,0.000000078310960806,0.000028038127500944,100.01,106.38470147,106.39533994,3162.649566666666667263,10408.603447739055654422,6524.100739541239528775,358.036498021544852803,0.000028038182163683,3162.655732523646200357,10408.623740205820055977,6524.113458836105005171,0.01949585893,0,0,True,True
Graduated,scripted_flow,flat_one_bps_noise,2,after_stock_move,oracle_scenario_input_mark,357.9642,0.000000078310960806,0.000028032520436151,99.99,106.38470147,106.374063,3162.017100000000000596,10406.521935201025034276,6522.796049862381712275,357.9642,0.000028032520436151,3162.017100000000000597,10406.521935201078936921,6522.796049862398605334,0,0,0,True,True
Graduated,scripted_flow,flat_one_bps_noise,2,after_user_trade,oracle_scenario_input_mark,357.9642,0.00000007030706108,0.000025167410873853,99.99,95.5114792,95.50192806,3162.017100000000000596,9342.90635433596739605,6180.477012497303134568,357.963041230854154693,0.0000251673294042,3162.006864205878367051,9342.876110329524079552,6180.457005619369755364,-0.032371090345,0,0,True,True
Graduated,scripted_flow,flat_one_bps_noise,3,after_stock_move,oracle_scenario_input_mark,358,0.00000007030706108,0.00002516992786664,100,95.5114792,95.5114792,3162.33333333333333393,9343.840738409933122754,6181.095122009545345637,358,0.00002516992786664,3162.33333333333333393,9343.840738409933122755,6181.095122009545345637,0,0,0,True,True
Graduated,scripted_flow,flat_one_bps_noise,3,after_user_trade,oracle_scenario_input_mark,358,0.00000007490234038,0.00002681503785604,100,101.75412278,101.75412278,3162.33333333333333393,9954.555469877014388973,6379.896728195546976139,358.000697986646409933,0.000026815090136873,3162.339498882043288338,9954.574878108268358561,6379.909166974099364166,0.019496833699,0,0,True,True
Graduated,scripted_flow,up20,0,after_stock_move,oracle_scenario_input_mark,358,0.000000073611111111,0.000026352777777738,100,100,100,3162.33333333333333393,9782.950506435560320895,6324.666666661893965518,358,0.000026352777777738,3162.33333333333333393,9782.950506435560320895,6324.666666661893965519,0,0,0,True,True
Graduated,scripted_flow,up20,1,after_stock_move,oracle_scenario_input_mark,375.9,0.000000073611111111,0.000027670416666624,105,100,105,3320.450000000000000626,10272.098031757004229638,6640.899999994880663793,375.9,0.000027670416666625,3320.450000000000000626,10272.09803175733833694,6640.899999994988663795,0,0,0,False,True
Graduated,scripted_flow,up20,1,after_user_trade,oracle_scenario_input_mark,375.9,0.000000078084314707,0.000029351893898361,105,106.07680489,111.38064513,3320.450000000000000626,10896.31338675755488903,6839.701610853367132485,375.900715223471704399,0.000029351949746096,3320.456317807333389484,10896.334119130875239071,6839.714624727122588219,0.019026961205,0,0,False,True
Graduated,scripted_flow,up20,2,after_stock_move,oracle_scenario_input_mark,393.8,0.000000078084314707,0.000030749603131616,110,106.07680489,116.68448537,3478.566666666666667323,11415.185452793522865554,7165.401687560637040098,393.8,0.000030749603131617,3478.566666666666667323,11415.185452793745603756,7165.40168756070694736,0,0,0,False,True
Graduated,scripted_flow,up20,2,after_user_trade,oracle_scenario_input_mark,393.8,0.000000082477266484,0.000032479547541399,110,112.04458843,123.24904727,3478.566666666666667323,12057.393294506846814071,7364.203302764286024172,393.800732054554053948,0.000032479607919258,3478.57313314856081053,12057.415708599534730344,7364.216992450862196099,0.018589501119,0,0,False,True
Graduated,scripted_flow,up20,3,after_stock_move,oracle_scenario_input_mark,429.6,0.000000082477266484,0.000035432233681526,120,112.04458843,134.45350612,3794.800000000000000716,13153.519957643765391653,8033.676330288291414229,429.6,0.000035432233681526,3794.800000000000000716,13153.519957643913883787,8033.676330288336760941,0,0,0,False,True
Graduated,scripted_flow,up20,3,after_user_trade,oracle_scenario_input_mark,429.6,0.00000008660974316,0.000037207545661536,120,117.65851901,141.19022281,3794.800000000000000716,13812.569617622749101341,8232.477953366804173598,429.600764606029680545,0.000037207611883868,3794.80675401992884553,13812.594201361145322602,8232.492605606753792805,0.017798091939,0,0,False,True
