stage,mode,scenario,valuationBasis,tslaChangePercent,funStockChangePercent,funUsdChangePercent,treasuryNavStartUsd,treasuryNavEndUsd,keeperActions,keeperBuybacks,burnedFun,holderUnitsUnchanged
Active,passive,crash50_recover,oracle_scenario_input_mark,0,0,0,0,0,0,0,0,True
Active,passive,down20,oracle_scenario_input_mark,-20,0,-20,0,0,0,0,0,True
Active,passive,flat_one_bps_noise,oracle_scenario_input_mark,0,0,0,0,0,0,0,0,True
Active,passive,up20,oracle_scenario_input_mark,20,0,20,0,0,0,0,0,True
Active,scripted_flow,crash50_recover,oracle_scenario_input_mark,0,3.03092431,3.03092431,0,0,0,0,0,True
Active,scripted_flow,down20,oracle_scenario_input_mark,-20,-3.14295935,-22.51436748,0,0,0,0,0,True
Active,scripted_flow,flat_one_bps_noise,oracle_scenario_input_mark,0,1.87790984,1.87790984,0,0,0,0,0,True
Active,scripted_flow,up20,oracle_scenario_input_mark,20,4.84981782,25.81978138,0,0,0,0,0,True
Graduated,keeper,crash50_recover,oracle_scenario_input_mark,0,0,0,3162.33333333333333393,1568.506859,1,0,0,True
Graduated,keeper,down20,oracle_scenario_input_mark,-20,0,-20,3162.33333333333333393,2923.082948458195252388,3,0,0,True
Graduated,keeper,flat_one_bps_noise,oracle_scenario_input_mark,0,0.0099194,0.0099194,3162.33333333333333393,3144.758892,2,1,5921.44369758,True
Graduated,keeper,up20,oracle_scenario_input_mark,20,9.32613814,31.19136577,3162.33333333333333393,3240.797678097646595489,2,3,5206253.10033282,True
Graduated,passive,crash50_recover,oracle_scenario_input_mark,0,0,0,3162.33333333333333393,3162.33333333333333393,0,0,0,True
Graduated,passive,down20,oracle_scenario_input_mark,-20,0,-20,3162.33333333333333393,2529.866666666666667144,0,0,0,True
Graduated,passive,flat_one_bps_noise,oracle_scenario_input_mark,0,0,0,3162.33333333333333393,3162.33333333333333393,0,0,0,True
Graduated,passive,up20,oracle_scenario_input_mark,20,0,20,3162.33333333333333393,3794.800000000000000716,0,0,0,True
Graduated,scripted_flow,crash50_recover,oracle_scenario_input_mark,0,6.23675535,6.23675535,3162.33333333333333393,3162.33333333333333393,0,0,0,True
Graduated,scripted_flow,down20,oracle_scenario_input_mark,-20,-19.80094648,-35.84075718,3162.33333333333333393,2529.866666666666667144,0,0,0,True
Graduated,scripted_flow,flat_one_bps_noise,oracle_scenario_input_mark,0,1.75412278,1.75412278,3162.33333333333333393,3162.33333333333333393,0,0,0,True
Graduated,scripted_flow,up20,oracle_scenario_input_mark,20,17.65851901,41.19022281,3162.33333333333333393,3794.800000000000000716,0,0,0,True
